task	status	expect	met	wall_s	deepest_step	slurm	partition	failed_assertions	run	engine_verdict	revision
deep_engine_safety_bmc128@abc-bmc3	PASS	PASS	yes	622.5	127	24426337_95	mit_preemptable		main	PASS	56f4b20
deep_engine_safety_bmc128@aiger-rIC3	PASS	PASS	yes	72.2		24426337_94	mit_preemptable		main	PASS	56f4b20
deep_engine_safety_bmc128@btor-btormc	PASS	PASS	yes	60.6		24426337_96	mit_preemptable		main	pass	56f4b20
deep_engine_safety_bmc128@smtbmc-bitwuzla	PASS	PASS	yes	174.7	127	24426337_97	mit_preemptable		main	pass	56f4b20
deep_engine_safety_bmc64@abc-bmc3	PASS	PASS	yes	209.3	63	24426337_3	mit_preemptable		main	PASS	56f4b20
deep_engine_safety_bmc64@aiger-rIC3	PASS	PASS	yes	48.1		24426337_6	mit_preemptable		main	PASS	56f4b20
deep_engine_safety_bmc64@btor-btormc	PASS	PASS	yes	32.7		24426337_4	mit_preemptable		main	pass	56f4b20
deep_engine_safety_bmc64@btor-pono	PASS	PASS	yes	50.5		24426337_5	mit_preemptable		main	pass	56f4b20
deep_engine_safety_bmc64@smtbmc-bitwuzla	PASS	PASS	yes	107.6	63	24426337_2	mit_preemptable		main	pass	56f4b20
deep_engine_safety_bmc64@smtbmc-boolector	PASS	PASS	yes	80.6	63	24426337_1	mit_preemptable		main	pass	56f4b20
deep_engine_safety_bmc64@smtbmc-yices	PASS	PASS	yes	539.9	63	24426337_0	mit_preemptable		main	pass	56f4b20
deep_engine_safety_bmc64@smtbmc-z3	TIMEOUT	PASS	no	14400.1	52 (started 53)	24426339_0	mit_preemptable		tail		56f4b20
deep_engine_safety_kind16@smtbmc-bitwuzla	UNKNOWN	PASS	no	88.9	14 (started 15)	24426337_12	mit_preemptable	assert(fault == 3 && !running); (engine_safety.sv:201)	main	FAIL,pass	56f4b20
deep_engine_safety_kind16@smtbmc-yices	UNKNOWN	PASS	no	11.7	14 (started 15)	24426337_11	mit_preemptable	assert(!running && pin_enables == 0); (engine_safety.sv:118)	main	FAIL,pass	56f4b20
deep_engine_safety_kind32@smtbmc-bitwuzla	UNKNOWN	PASS	no	198.9	30 (started 31)	24426337_14	mit_preemptable	assert(!running && pin_enables == 0); (engine_safety.sv:118)	main	FAIL,pass	56f4b20
deep_engine_safety_kind32@smtbmc-yices	UNKNOWN	PASS	no	40.2	30 (started 31)	24426337_13	mit_preemptable	assert(!running && pin_enables == 0); (engine_safety.sv:118)	main	FAIL,pass	56f4b20
deep_engine_safety_kind8@smtbmc-bitwuzla	UNKNOWN	PASS	no	24.4	6 (started 7)	24426337_10	mit_preemptable	assert(!running && pin_enables == 0); (engine_safety.sv:118)	main	FAIL,pass	56f4b20
deep_engine_safety_kind8@smtbmc-yices	UNKNOWN	PASS	no	3.0	6 (started 7)	24426337_9	mit_preemptable	assert(!running && pin_enables == 0); (engine_safety.sv:118)	main	FAIL,pass	56f4b20
deep_engine_safety_prove@abc-pdr	TIMEOUT	PASS	no	14400.1		24426339_1	mit_preemptable		tail		56f4b20
deep_engine_safety_prove@aiger-avy	ERROR	PASS	no	4.1		24426337_7	mit_preemptable		main		56f4b20
deep_engine_safety_prove@aiger-rIC3	TIMEOUT	PASS	no	14400.4		24426339_2	mit_preemptable		tail		56f4b20
deep_engine_safety_prove@aiger-suprove	PASS	PASS	yes	98.8		24426337_8	mit_preemptable		main	PASS	56f4b20
deep_fifo_conservation_prove@abc-pdr	PASS	PASS	yes	260.0		24426337_15	mit_preemptable		main	PASS	56f4b20
deep_fifo_conservation_prove@aiger-avy	ERROR	PASS	no	1.6		24426337_17	mit_preemptable		main		56f4b20
deep_fifo_conservation_prove@aiger-rIC3	PASS	PASS	yes	360.2		24426337_16	mit_preemptable		main	PASS	56f4b20
deep_fifo_conservation_prove@aiger-suprove	PASS	PASS	yes	1371.3		24426337_18	mit_preemptable		main	PASS	56f4b20
deep_processor_inductive_bmc48@abc-bmc3	PASS	PASS	yes	776.5	47	24426336_12	mit_preemptable		main	PASS	56f4b20
deep_processor_inductive_bmc48@aiger-rIC3	PASS	PASS	yes	128.3		24426336_15	mit_preemptable		main	PASS	56f4b20
deep_processor_inductive_bmc48@btor-btormc	PASS	PASS	yes	58.3		24426336_13	mit_preemptable		main	pass	56f4b20
deep_processor_inductive_bmc48@btor-pono	PASS	PASS	yes	97.5		24426336_14	mit_preemptable		main	pass	56f4b20
deep_processor_inductive_bmc48@smtbmc-bitwuzla	PASS	PASS	yes	1397.1	47	24426336_11	mit_normal		main	pass	56f4b20
deep_processor_inductive_bmc48@smtbmc-boolector	PASS	PASS	yes	926.2	47	24426336_10	mit_normal		main	pass	56f4b20
deep_processor_inductive_bmc48@smtbmc-yices	TIMEOUT	PASS	no	14400.1	35 (started 36)	24426338_6	mit_normal		tail		56f4b20
deep_processor_inductive_bmc48@smtbmc-z3	TIMEOUT	PASS	no	14400.0	10 (started 11)	24426338_7	mit_normal		tail		56f4b20
deep_processor_inductive_bmc96@abc-bmc3	PASS	PASS	yes	2503.4	95	24426336_61	mit_normal		main	PASS	56f4b20
deep_processor_inductive_bmc96@aiger-rIC3	PASS	PASS	yes	370.5		24426336_60	mit_normal		main	PASS	56f4b20
deep_processor_inductive_bmc96@btor-btormc	PASS	PASS	yes	381.6		24426336_62	mit_preemptable		main	pass	56f4b20
deep_processor_invariants_bmc128@abc-bmc3	PASS	PASS	yes	179.6	127	24426336_58	mit_preemptable		main	PASS	56f4b20
deep_processor_invariants_bmc128@aiger-rIC3	PASS	PASS	yes	1614.4		24426336_57	mit_preemptable		main	PASS	56f4b20
deep_processor_invariants_bmc128@btor-btormc	PASS	PASS	yes	419.6		24426336_59	mit_preemptable		main	pass	56f4b20
deep_processor_invariants_bmc64@abc-bmc3	PASS	PASS	yes	54.4	63	24426336_6	mit_normal		main	PASS	56f4b20
deep_processor_invariants_bmc64@aiger-rIC3	PASS	PASS	yes	172.5		24426336_9	mit_normal		main	PASS	56f4b20
deep_processor_invariants_bmc64@btor-btormc	PASS	PASS	yes	83.6		24426336_7	mit_normal		main	pass	56f4b20
deep_processor_invariants_bmc64@btor-pono	PASS	PASS	yes	135.6		24426336_8	mit_normal		main	pass	56f4b20
deep_processor_invariants_bmc64@smtbmc-bitwuzla	PASS	PASS	yes	315.4	63	24426336_5	mit_normal		main	pass	56f4b20
deep_processor_invariants_bmc64@smtbmc-boolector	PASS	PASS	yes	425.9	63	24426336_4	mit_normal		main	pass	56f4b20
deep_processor_invariants_bmc64@smtbmc-yices	PASS	PASS	yes	15638.2	63	24426336_3	mit_normal		main	pass	56f4b20
deep_processor_invariants_bmc64@smtbmc-z3	TIMEOUT	PASS	no	14400.1	19 (started 20)	24426338_5	mit_normal		tail		56f4b20
deep_timing_isolation_bmc100@abc-bmc3	TIMEOUT	PASS	no	14400.1	44	24426338_14	mit_normal		tail		56f4b20
deep_timing_isolation_bmc100@aiger-rIC3	PASS	PASS	yes	2534.0		24426336_56	mit_preemptable		main	PASS	56f4b20
deep_timing_isolation_bmc100@btor-btormc	TIMEOUT	PASS	no	14400.0		24426338_15	mit_preemptable		tail		56f4b20
deep_timing_isolation_bmc60@abc-bmc3	PASS	PASS	yes	20544.4	59	24426336_1	mit_normal		main	PASS	56f4b20
deep_timing_isolation_bmc60@aiger-rIC3	PASS	PASS	yes	1207.4		24426336_2	mit_normal		main	PASS	56f4b20
deep_timing_isolation_bmc60@btor-btormc	TIMEOUT	PASS	no	14400.1		24426338_3	mit_preemptable		tail		56f4b20
deep_timing_isolation_bmc60@btor-pono	TIMEOUT	PASS	no	14400.1		24426338_4	mit_preemptable		tail		56f4b20
deep_timing_isolation_bmc60@smtbmc-bitwuzla	PASS	PASS	yes	7903.4	59	24426336_0	mit_normal		main	pass	56f4b20
deep_timing_isolation_bmc60@smtbmc-boolector	ERROR	PASS	no	13396.4	45 (started 46)	24426338_1	mit_preemptable		tail		56f4b20
deep_timing_isolation_bmc60@smtbmc-yices	TIMEOUT	PASS	no	14400.1	23 (started 24)	24426338_0	mit_preemptable		tail		56f4b20
deep_timing_isolation_bmc60@smtbmc-z3	TIMEOUT	PASS	no	14400.1	5 (started 6)	24426338_2	mit_preemptable		tail		56f4b20
engine_inductive_ic3@abc-pdr	ERROR	PASS	no	11734.5		24426339_5	mit_preemptable		tail		56f4b20
engine_inductive_ic3@aiger-rIC3	PASS	PASS	yes	11.7		24426337_92	mit_preemptable		main	PASS	56f4b20
engine_inductive_ic3@aiger-suprove	UNKNOWN	PASS	no	5092.5		24426337_93	mit_preemptable		main	UNKNOWN	56f4b20
engine_inductive_kind2@smtbmc-bitwuzla	PASS	PASS	yes	1.8	1	24426337_84	mit_preemptable		main	pass	56f4b20
engine_inductive_kind2@smtbmc-boolector	PASS	PASS	yes	1.1	1	24426337_85	mit_preemptable		main	pass	56f4b20
engine_inductive_kind2@smtbmc-yices	PASS	PASS	yes	1.3	1	24426337_83	mit_preemptable		main	pass	56f4b20
engine_inductive_kind4@smtbmc-bitwuzla	PASS	PASS	yes	3.3	3	24426337_87	mit_preemptable		main	pass	56f4b20
engine_inductive_kind4@smtbmc-boolector	PASS	PASS	yes	3.8	3	24426337_88	mit_preemptable		main	pass	56f4b20
engine_inductive_kind4@smtbmc-yices	PASS	PASS	yes	1.8	3	24426337_86	mit_preemptable		main	pass	56f4b20
engine_inductive_kind8@smtbmc-bitwuzla	PASS	PASS	yes	2.1	7	24426337_90	mit_preemptable		main	pass	56f4b20
engine_inductive_kind8@smtbmc-boolector	PASS	PASS	yes	2.2	7	24426337_91	mit_preemptable		main	pass	56f4b20
engine_inductive_kind8@smtbmc-yices	PASS	PASS	yes	3.6	7	24426337_89	mit_preemptable		main	pass	56f4b20
fault_any_cover@smtbmc-bitwuzla	PASS	PASS	yes	225.4	2	24426337_72	mit_preemptable		main	pass	56f4b20
fault_any_cover@smtbmc-yices	PASS	PASS	yes	11.7	2	24426337_71	mit_preemptable		main	pass	56f4b20
fault_bmc40@abc-bmc3	PASS	PASS	yes	61.1	39	24426336_41	mit_preemptable		main	PASS	56f4b20
fault_bmc40@btor-btormc	PASS	PASS	yes	29.2		24426336_42	mit_preemptable		main	pass	56f4b20
fault_bmc40@smtbmc-bitwuzla	PASS	PASS	yes	229.6	39	24426336_39	mit_preemptable		main	pass	56f4b20
fault_bmc40@smtbmc-boolector	PASS	PASS	yes	104.3	39	24426336_40	mit_preemptable		main	pass	56f4b20
fault_bmc40@smtbmc-yices	PASS	PASS	yes	251.6	39	24426336_38	mit_normal		main	pass	56f4b20
fault_cover@smtbmc-bitwuzla	TIMEOUT	PASS	no	14400.2	36 (started 37)	24426338_12	mit_preemptable		tail		56f4b20
fault_cover@smtbmc-yices	PASS	PASS	yes	2411.7	54	24426336_43	mit_normal		main	pass	56f4b20
fault_prove@abc-pdr	PASS	PASS	yes	56.5		24426337_68	mit_preemptable		main	PASS	56f4b20
fault_prove@aiger-rIC3	PASS	PASS	yes	409.8		24426337_69	mit_preemptable		main	PASS	56f4b20
fault_prove@aiger-suprove	PASS	PASS	yes	870.4		24426337_70	mit_preemptable		main	PASS	56f4b20
fault_prove@smtbmc-bitwuzla	PASS	PASS	yes	5.0	3	24426337_66	mit_preemptable		main	pass	56f4b20
fault_prove@smtbmc-boolector	PASS	PASS	yes	6.1	3	24426337_67	mit_preemptable		main	pass	56f4b20
fault_prove@smtbmc-yices	PASS	PASS	yes	3.7	3	24426337_65	mit_preemptable		main	pass	56f4b20
host_bmc40@abc-bmc3	PASS	PASS	yes	239.2	39	24426336_19	mit_preemptable		main	PASS	56f4b20
host_bmc40@btor-btormc	PASS	PASS	yes	406.3		24426336_20	mit_preemptable		main	pass	56f4b20
host_bmc40@smtbmc-bitwuzla	PASS	PASS	yes	233.0	39	24426336_17	mit_preemptable		main	pass	56f4b20
host_bmc40@smtbmc-boolector	PASS	PASS	yes	194.7	39	24426336_18	mit_preemptable		main	pass	56f4b20
host_bmc40@smtbmc-yices	PASS	PASS	yes	730.5	39	24426336_16	mit_preemptable		main	pass	56f4b20
host_cover@smtbmc-bitwuzla	TIMEOUT	PASS	no	14400.1	44 (started 45)	24426338_8	mit_normal		tail		56f4b20
host_cover@smtbmc-yices	PASS	PASS	yes	369.5	45	24426336_21	mit_preemptable		main	pass	56f4b20
host_prove@abc-pdr	PASS	PASS	yes	670.0		24426337_22	mit_preemptable		main	PASS	56f4b20
host_prove@aiger-rIC3	PASS	PASS	yes	174.1		24426337_23	mit_preemptable		main	PASS	56f4b20
host_prove@aiger-suprove	UNKNOWN	PASS	no	4541.6		24426337_24	mit_preemptable		main	UNKNOWN	56f4b20
host_prove@smtbmc-bitwuzla	PASS	PASS	yes	7.7	3	24426337_20	mit_preemptable		main	pass	56f4b20
host_prove@smtbmc-boolector	PASS	PASS	yes	11.5	3	24426337_21	mit_preemptable		main	pass	56f4b20
host_prove@smtbmc-yices	PASS	PASS	yes	6.0	3	24426337_19	mit_preemptable		main	pass	56f4b20
load_bmc48@abc-bmc3	PASS	PASS	yes	128.9	47	24426336_25	mit_normal		main	PASS	56f4b20
load_bmc48@btor-btormc	PASS	PASS	yes	727.7		24426336_26	mit_normal		main	pass	56f4b20
load_bmc48@smtbmc-bitwuzla	PASS	PASS	yes	319.6	47	24426336_23	mit_preemptable		main	pass	56f4b20
load_bmc48@smtbmc-boolector	PASS	PASS	yes	457.1	47	24426336_24	mit_preemptable		main	pass	56f4b20
load_bmc48@smtbmc-yices	PASS	PASS	yes	1942.0	47	24426336_22	mit_preemptable		main	pass	56f4b20
load_bmc96@abc-bmc3	TIMEOUT	PASS	no	14400.1	78	24426338_16	mit_preemptable		tail		56f4b20
load_bmc96@aiger-rIC3	PASS	PASS	yes	11021.4		24426336_63	mit_normal		main	PASS	56f4b20
load_bmc96@btor-btormc	TIMEOUT	PASS	no	14400.1		24426338_17	mit_preemptable		tail		56f4b20
load_cover@smtbmc-bitwuzla	TIMEOUT	PASS	no	14400.1	36 (started 37)	24426338_9	mit_normal		tail		56f4b20
load_cover@smtbmc-yices	PASS	PASS	yes	1315.7	45	24426336_27	mit_preemptable		main	pass	56f4b20
load_prove@smtbmc-bitwuzla	PASS	PASS	yes	90.2	3	24426337_32	mit_preemptable		main	pass	56f4b20
load_prove@smtbmc-boolector	PASS	PASS	yes	78.5	3	24426337_33	mit_preemptable		main	pass	56f4b20
load_prove@smtbmc-yices	PASS	PASS	yes	70.4	3	24426337_31	mit_preemptable		main	pass	56f4b20
load_prove_word@abc-pdr	TIMEOUT	PASS	no	14400.2		24426339_3	mit_preemptable		tail		56f4b20
load_prove_word@aiger-rIC3	TIMEOUT	PASS	no	14403.0		24426339_4	mit_preemptable		tail		56f4b20
load_prove_word@aiger-suprove	UNKNOWN	PASS	no	8601.1		24426337_34	mit_preemptable		main	UNKNOWN	56f4b20
mover_any_bmc24@abc-bmc3	PASS	PASS	yes	258.1	23	24426336_36	mit_normal		main	PASS	56f4b20
mover_any_bmc24@btor-btormc	TIMEOUT	PASS	no	14400.2		24426338_10	mit_normal		tail		56f4b20
mover_any_bmc24@smtbmc-bitwuzla	PASS	PASS	yes	1410.5	23	24426336_34	mit_normal		main	pass	56f4b20
mover_any_bmc24@smtbmc-boolector	PASS	PASS	yes	2313.7	23	24426336_35	mit_preemptable		main	pass	56f4b20
mover_any_bmc24@smtbmc-yices	PASS	PASS	yes	19072.8	23	24426336_33	mit_preemptable		main	pass	56f4b20
mover_any_cover@smtbmc-bitwuzla	PASS	PASS	yes	937.7	5	24426337_46	mit_preemptable		main	pass	56f4b20
mover_any_cover@smtbmc-yices	PASS	PASS	yes	21.3	5	24426337_45	mit_preemptable		main	pass	56f4b20
mover_bmc40@abc-bmc3	PASS	PASS	yes	73.7	39	24426336_31	mit_preemptable		main	PASS	56f4b20
mover_bmc40@btor-btormc	PASS	PASS	yes	480.1		24426336_32	mit_preemptable		main	pass	56f4b20
mover_bmc40@smtbmc-bitwuzla	PASS	PASS	yes	408.0	39	24426336_29	mit_normal		main	pass	56f4b20
mover_bmc40@smtbmc-boolector	PASS	PASS	yes	517.1	39	24426336_30	mit_preemptable		main	pass	56f4b20
mover_bmc40@smtbmc-yices	PASS	PASS	yes	412.9	39	24426336_28	mit_normal		main	pass	56f4b20
mover_cover@smtbmc-bitwuzla	TIMEOUT	PASS	no	14400.1	44 (started 45)	24426338_11	mit_normal		tail		56f4b20
mover_cover@smtbmc-yices	FAIL	PASS	no	6145.3	63	24426336_37	mit_preemptable		main	FAIL	56f4b20
mover_prove@abc-pdr	PASS	PASS	yes	1282.3		24426337_42	mit_preemptable		main	PASS	56f4b20
mover_prove@aiger-rIC3	PASS	PASS	yes	161.7		24426337_43	mit_preemptable		main	PASS	56f4b20
mover_prove@aiger-suprove	UNKNOWN	PASS	no	5287.4		24426337_44	mit_preemptable		main	UNKNOWN	56f4b20
mover_prove@smtbmc-bitwuzla	PASS	PASS	yes	30.8	3	24426337_40	mit_preemptable		main	pass	56f4b20
mover_prove@smtbmc-boolector	PASS	PASS	yes	46.1	3	24426337_41	mit_preemptable		main	pass	56f4b20
mover_prove@smtbmc-yices	PASS	PASS	yes	80.0	3	24426337_39	mit_preemptable		main	pass	56f4b20
neg_fault_keeps_oe@smtbmc-bitwuzla	FAIL	FAIL	yes	16764.4	37	24426336_47	mit_normal	spec_fault_stops (fault_release.sv:62)	main	FAIL	56f4b20
neg_fault_keeps_oe@smtbmc-yices	FAIL	FAIL	yes	100.7	37	24426336_46	mit_preemptable	spec_fault_stops (fault_release.sv:62)	main	FAIL	56f4b20
neg_fault_restart@smtbmc-bitwuzla	FAIL	FAIL	yes	23675.8	43	24426336_45	mit_preemptable	spec_no_start_faulted (fault_release.sv:59)	main	FAIL	56f4b20
neg_fault_restart@smtbmc-yices	FAIL	FAIL	yes	208.8	43	24426336_44	mit_preemptable	spec_no_start_faulted (fault_release.sv:59)	main	FAIL	56f4b20
neg_host_early_commit@smtbmc-bitwuzla	FAIL	FAIL	yes	70.9	8	24426337_26	mit_preemptable	spec_cmd_eighth (host_protocol.sv:124)	main	FAIL	56f4b20
neg_host_early_commit@smtbmc-yices	FAIL	FAIL	yes	9.4	8	24426337_25	mit_preemptable	spec_cmd_eighth (host_protocol.sv:124)	main	FAIL	56f4b20
neg_host_keep_partial@smtbmc-bitwuzla	FAIL	FAIL	yes	250.2	10	24426337_28	mit_preemptable	spec_tx_eighth (host_protocol.sv:145)	main	FAIL	56f4b20
neg_host_keep_partial@smtbmc-yices	FAIL	FAIL	yes	12.4	10	24426337_27	mit_preemptable	spec_tx_eighth (host_protocol.sv:145)	main	FAIL	56f4b20
neg_host_live_read@smtbmc-bitwuzla	FAIL	FAIL	yes	211.7	10	24426337_30	mit_preemptable	spec_read_stable (host_protocol.sv:169)	main	FAIL	56f4b20
neg_host_live_read@smtbmc-yices	FAIL	FAIL	yes	8.8	10	24426337_29	mit_preemptable	spec_read_stable (host_protocol.sv:169)	main	FAIL	56f4b20
neg_load_partial_commit@smtbmc-bitwuzla	FAIL	FAIL	yes	5599.6	26	24426337_36	mit_preemptable	spec_run_committed (program_load.sv:81)	main	FAIL	56f4b20
neg_load_partial_commit@smtbmc-yices	FAIL	FAIL	yes	36.7	26	24426337_35	mit_preemptable	spec_run_committed (program_load.sv:81)	main	FAIL	56f4b20
neg_load_start_uncommitted@smtbmc-bitwuzla	FAIL	FAIL	yes	472.6	10	24426337_38	mit_preemptable	spec_run_committed (program_load.sv:81)	main	FAIL	56f4b20
neg_load_start_uncommitted@smtbmc-yices	FAIL	FAIL	yes	13.4	10	24426337_37	mit_preemptable	spec_run_committed (program_load.sv:81)	main	FAIL	56f4b20
neg_mover_no_pop@smtbmc-bitwuzla	FAIL	FAIL	yes	40.0	2	24426337_52	mit_preemptable	spec_grant_pop (mover.sv:193)	main	FAIL	56f4b20
neg_mover_no_pop@smtbmc-yices	FAIL	FAIL	yes	28.3	2	24426337_51	mit_preemptable	spec_grant_pop (mover.sv:193)	main	FAIL	56f4b20
neg_mover_quota_on_eligible@smtbmc-bitwuzla	FAIL	FAIL	yes	32.9	2	24426337_50	mit_preemptable	spec_quota (mover.sv:201)	main	FAIL	56f4b20
neg_mover_quota_on_eligible@smtbmc-yices	FAIL	FAIL	yes	16.6	2	24426337_49	mit_preemptable	spec_quota (mover.sv:201)	main	FAIL	56f4b20
neg_mover_wrong_data@smtbmc-bitwuzla	FAIL	FAIL	yes	53.1	2	24426337_48	mit_preemptable	spec_grant_data (mover.sv:196)	main	FAIL	56f4b20
neg_mover_wrong_data@smtbmc-yices	FAIL	FAIL	yes	30.0	2	24426337_47	mit_preemptable	spec_grant_data (mover.sv:196)	main	FAIL	56f4b20
neg_pin_od_drive_high@smtbmc-yices	FAIL	FAIL	yes	699.0	45	24426336_54	mit_preemptable	spec_open_drain_high (pin_safety.sv:45); spec_pin_model_out (pin_safety.sv:62)	main	FAIL	56f4b20
neg_pin_own_overlap@smtbmc-bitwuzla	FAIL	FAIL	yes	10566.9	26	24426337_82	mit_preemptable	spec_own_disjoint (pin_safety.sv:66)	main	FAIL	56f4b20
neg_pin_own_overlap@smtbmc-yices	FAIL	FAIL	yes	75.3	26	24426337_81	mit_preemptable	spec_own_disjoint (pin_safety.sv:66)	main	FAIL	56f4b20
neg_rr_no_advance@smtbmc-bitwuzla	FAIL	FAIL	yes	97.7	4	24426337_64	mit_preemptable	spec_bound_grant (rr_bound.sv:48)	main	FAIL	56f4b20
neg_rr_no_advance@smtbmc-yices	FAIL	FAIL	yes	4.3	4	24426337_63	mit_preemptable	spec_bound_grant (rr_bound.sv:48)	main	FAIL	56f4b20
pin_any_cover@smtbmc-bitwuzla	PASS	PASS	yes	91.3	2	24426337_80	mit_preemptable		main	pass	56f4b20
pin_any_cover@smtbmc-yices	PASS	PASS	yes	6.9	2	24426337_79	mit_preemptable		main	pass	56f4b20
pin_bmc40@abc-bmc3	PASS	PASS	yes	68.8	39	24426336_51	mit_preemptable		main	PASS	56f4b20
pin_bmc40@btor-btormc	PASS	PASS	yes	35.7		24426336_52	mit_preemptable		main	pass	56f4b20
pin_bmc40@smtbmc-bitwuzla	PASS	PASS	yes	149.6	39	24426336_49	mit_normal		main	pass	56f4b20
pin_bmc40@smtbmc-boolector	PASS	PASS	yes	115.8	39	24426336_50	mit_normal		main	pass	56f4b20
pin_bmc40@smtbmc-yices	PASS	PASS	yes	348.9	39	24426336_48	mit_preemptable		main	pass	56f4b20
pin_cover@smtbmc-bitwuzla	TIMEOUT	PASS	no	14400.2	44 (started 45)	24426338_13	mit_preemptable		tail		56f4b20
pin_cover@smtbmc-yices	FAIL	PASS	no	1949.2	59	24426336_53	mit_preemptable		main	FAIL	56f4b20
pin_prove@abc-pdr	PASS	PASS	yes	111.9		24426337_76	mit_preemptable		main	PASS	56f4b20
pin_prove@aiger-rIC3	PASS	PASS	yes	92.0		24426337_77	mit_preemptable		main	PASS	56f4b20
pin_prove@aiger-suprove	PASS	PASS	yes	641.8		24426337_78	mit_preemptable		main	PASS	56f4b20
pin_prove@smtbmc-bitwuzla	PASS	PASS	yes	8.1	3	24426337_74	mit_preemptable		main	pass	56f4b20
pin_prove@smtbmc-boolector	PASS	PASS	yes	5.9	3	24426337_75	mit_preemptable		main	pass	56f4b20
pin_prove@smtbmc-yices	PASS	PASS	yes	6.1	3	24426337_73	mit_preemptable		main	pass	56f4b20
rr_bmc24@abc-bmc3	PASS	PASS	yes	9.1	23	24426337_60	mit_preemptable		main	PASS	56f4b20
rr_bmc24@smtbmc-yices	PASS	PASS	yes	69.6	23	24426337_59	mit_preemptable		main	pass	56f4b20
rr_cover@smtbmc-bitwuzla	PASS	PASS	yes	426.4	4	24426337_62	mit_preemptable		main	pass	56f4b20
rr_cover@smtbmc-yices	PASS	PASS	yes	8.5	4	24426337_61	mit_preemptable		main	pass	56f4b20
rr_prove@abc-pdr	PASS	PASS	yes	21.0		24426337_56	mit_preemptable		main	PASS	56f4b20
rr_prove@aiger-rIC3	PASS	PASS	yes	16.7		24426337_57	mit_preemptable		main	PASS	56f4b20
rr_prove@aiger-suprove	PASS	PASS	yes	11.8		24426337_58	mit_preemptable		main	PASS	56f4b20
rr_prove@smtbmc-bitwuzla	PASS	PASS	yes	4.1	3	24426337_54	mit_preemptable		main	pass	56f4b20
rr_prove@smtbmc-boolector	PASS	PASS	yes	6.9	3	24426337_55	mit_preemptable		main	pass	56f4b20
rr_prove@smtbmc-yices	PASS	PASS	yes	3.0	3	24426337_53	mit_preemptable		main	pass	56f4b20
xcheck_ti_neg_mutant@abc-bmc3	ERROR	FAIL	no	32.3	3	24426336_65	mit_preemptable		main	FAIL	56f4b20
xcheck_ti_neg_mutant@aiger-rIC3	ERROR	FAIL	no	75.8		24426336_64	mit_preemptable		main	FAIL	56f4b20
xcheck_ti_neg_mutant@btor-btormc	FAIL	FAIL	yes	4.2		24426336_66	mit_normal		main	FAIL	56f4b20
xcheck_ti_neg_pull@abc-bmc3	ERROR	FAIL	no	16.5	2	24426336_68	mit_normal		main	FAIL	56f4b20
xcheck_ti_neg_pull@aiger-rIC3	ERROR	FAIL	no	56.5		24426336_67	mit_normal		main	FAIL	56f4b20
xcheck_ti_neg_pull@btor-btormc	FAIL	FAIL	yes	7.0		24426336_69	mit_preemptable		main	FAIL	56f4b20
