id	region	mutation	class	equiv	rip	deep	directed	diverged_state	note
98	engine_ctrl	const1 A[1]	GAP	not_proven	internal_only	killed	killed	blocked_cycles_1:36026	blocked_cycles of engine 1 is left at 2 instead of 0 after ALU/SHL/SHR/JZ/NOT/TIME (opcodes 20-28). Only visible as a WAITPIN/WAITEVENT timeout two samples early. Kill: an ALU instruction immediately followed by a WAITPIN on a pin that never matches, with a small LIMIT; the fault-3 edge moves.
174	engine_ctrl	cnot1 A[0] ctrl 13	GAP	not_proven	not_activated	survived	killed		blocked_cycles of engine 1: bit 0 flips once the count has bit 13 set. Needs a bounded wait of >= 8192 cycles; no test blocks that long. Kill: LIMIT 0x2108 then WAITPIN on a static pin; fault 3 arrives at a different cycle.
185	engine_ctrl	cnot1 B[4] ctrl 21	GAP	not_proven	not_activated	survived	survived		wait_timer countdown of engine 2: bit 4 flips while bit 21 is set, i.e. only for WAIT n with n >= 2^21. Kill: WAIT 0x200010 followed by a pin toggle (about 2.1 M cycles of simulation), or an inductive property timer' = timer - 1.
195	engine_ctrl	cnot1 A[4] ctrl 13	GAP	not_proven	not_activated	survived	killed		Same as 174 for engine 0 (blocked_cycles): bit 4 flips when bit 13 is set; needs a bounded wait of >= 8192 cycles. The mutated count oscillates by 16, so LIMIT must not be a multiple of 32 (0x2100 does not kill it, 0x2108 does).
268	engine_ctrl	cnot1 D[2] ctrl 3	GAP	not_proven	not_activated	survived	killed		repeat_count_0 (engine 3), D input: bit 2 flips when bit 3 is set. Needs COUNT n with bit 3 set (n >= 8) and a LOOP on engine 3; iteration count changes. Never happened in the suite.
271	engine_ctrl	const0 Y[13]	GAP	not_proven	not_activated	survived	killed		repeat_count of engine 1 stuck below 8192 (bit 13 forced 0). Kill: COUNT 0x2000 + LOOP on engine 1; loop exits early (visible in pin timing or the completed-instruction count).
277	engine_ctrl	const0 B[20]	EQ-proven	equivalent	not_activated	survived	survived		Bit 20 of pc+1 on the instruction-execution path, which is only taken while pc < image_length (a 16-bit register), so the bit is always 0.
279	engine_ctrl	const0 A[22]	EQ-manual	not_proven	not_activated	survived	survived		Clears blocked_cycles bit 22 on the XFER/FAULT hold path. blocked_cycles is nonzero only while a WAITPIN/WAITEVENT is issuing (every other completed instruction resets it; fault is followed by START, which resets it), so the path never sees a nonzero value.
297	engine_ctrl	cnot1 A[17] ctrl 20	GAP	not_proven	not_activated	survived	survived		completed_instructions of engine 1: bit 17 flips when bit 20 is set; needs >= 2^20 completed instructions before READ_SELECT 5. Long run (about 1 M cycles) or an inductive counter property.
313	engine_ctrl	cnot1 A[1] ctrl 23	GAP	not_proven	not_activated	survived	survived		completed_instructions of engine 1: bit 1 flips when bit 23 is set; needs >= 2^23 instructions before READ_SELECT 5. Practical only with a formal counter property (count' = count + finished).
396	engine_ctrl	const0 Y[10]	GAP	not_proven	not_activated	survived	survived		completed_instructions of engine 3: bit 10 forced 0 on one opcode's update path. Needs >= 1024 completed instructions including that opcode, then READ_SELECT 5.
423	engine_ctrl	const0 A[15]	GAP	not_proven	not_activated	survived	killed		completed_instructions_0 (engine 2): bit 15 cleared on the hold path while halted; the count is readable while halted. Kill: run >= 32768 instructions, HALT, READ_SELECT 5.
436	engine_ctrl	cnot0 Y[4] ctrl 16	GAP	not_proven	internal_only	survived	killed	blocked_cycles_1:14025	blocked_cycles of engine 1 left at 16 after TIME (and FAULT-class paths). Only visible as a WAITPIN/WAITEVENT timeout 16 samples early. Kill: TIME then a WAITPIN that times out.
451	engine_ctrl	cnot1 Y[12] ctrl 6	GAP	not_proven	not_activated	survived	killed		repeat_count_0 (engine 3): bit 12 flips whenever bit 6 is set. Kill: COUNT 72 + LOOP on engine 3; iteration count wrong. The suite never used COUNT >= 64 on engine 3.
478	engine_ctrl	cnot0 A[5] ctrl 12	GAP	not_proven	internal_only	survived	killed	blocked_cycles_2:67341	blocked_cycles_2 (engine 2) left at 32 after opcodes 21-28. Kill: XOR/AND/OR/SHL/SHR/JZ/NOT/TIME immediately followed by a WAITPIN that times out.
565	host	inv B[0]	EQ-manual	not_proven	internal_only	survived	survived	image_loaded_2:113642	Reset value of image_loaded_2 becomes 1. The value is only used while image_writing is set, which only BEGIN sets, and BEGIN zeroes image_loaded; so the reset value is never used.
570	host	inv B[8]	EQ-manual	not_proven	internal_only	survived	survived	image_length_0:19882	BEGIN sets image_length_0 to 0x100 instead of 0. The length is only used by a running engine, and START needs a COMMIT, which overwrites it.
696	host	const0 A[5]	GAP	not_proven	not_activated	survived	killed		OWN overlap check ignores engine 1 owning pin 5. Kill: engine 1 owns pin 5; another engine then OWNs pin 5; must be rejected with the sticky host fault and unchanged ownership.
747	host	cnot1 A[0] ctrl 2	EQ-proven	equivalent	not_activated	survived	survived		Read-nibble counter compare for case item 0: flipping bit 0 only when bit 2 is set can never make the value 0.
852	host	cnot1 Q[7] ctrl 6	GAP	not_proven	not_activated	survived	killed		image_length_1 (engine 1): bit 7 of the register output is XORed with bit 6, and the hold path feeds the mutated value back, so a committed length of exactly 64 alternates 64/192 every cycle. Kill: a full 64-word image that falls through on a cycle where the length reads 192 (fault 2 expected at PC 64; the mutant runs on). With 64 NOPs the fall-through lands on a 64 cycle; a WAIT 1 prefix shifts it.
952	mover	const0 A[12]	GAP	not_proven	internal_only	survived	killed	route_remaining_2:5	ROUTE word count of source engine 2 truncated below 4096 (bit 12 forced 0). Kill: ROUTE count 4097 from engine 2 and stream more than 1 word; the mutant disables the route after 1 word.
979	mover	const1 A[0]	GAP	not_proven	internal_only	survived	survived	dma_round_robin:293756	DMA round-robin cursor bit 0 forced to 1 on its hold path (differs in 293,756 cycles). Only matters when two routes compete on the same edge. Kill: two enabled routes whose sources both hold a word and whose destinations accept on the same edge; check grant order.
989	mover	cnot1 Y[3] ctrl 5	GAP	not_proven	not_activated	survived	survived		route_remaining of source engine 0: bit 3 flips when bit 5 is set. Kill: ROUTE count >= 32 from engine 0 and transfer until the descriptor expires; the number of words moved changes.
1008	mover	const0 A[0]	GAP	not_proven	not_activated	survived	survived		Host TX write priority over DMA for route 0's destination is lost (grant not inhibited). Kill: host window-2 write to engine D on the same edge as a DMA word from route source 0 to D.
1040	mover	const0 B[0]	EQ-proven	equivalent	not_activated	survived	survived		No-op: the reset value of route_destination_3 is the constant 2'b00, whose bit 0 is already 0.
1112	mover	const0 A[0]	GAP	not_proven	not_activated	killed	survived		Mover destination-3 decode. Killed by the deep random stage (256 cases from a new seed): the 64-case default budget is too small.
1152	mover	const0 Y[0]	GAP	not_proven	not_activated	survived	killed		FLUSH no longer disables route 1 when the flushed engine is its source or destination. Kill: enable route 1->D, FLUSH engine 1 (or D) while halted, then check no DMA word moves.
1222	events	cnot1 A[2] ctrl 4	EQ-proven	equivalent	not_activated	survived	survived		Compare-with-zero in the trigger/event path: bit 2 flips only when bit 4 is set, and the value is nonzero either way.
1317	events	cnot1 A[0] ctrl 6	EQ-proven	equivalent	not_activated	survived	survived		Compare-with-zero in the trigger/event path: bit 0 flips only when bit 6 is set, and the value is nonzero either way.
1342	events	const1 A[4]	EQ-proven	equivalent	not_activated	survived	survived		Case-item compare (item 29) in engine 1's opcode-validity decode; proved by equiv_induct.
1345	events	const1 B[2]	EQ-proven	equivalent	not_activated	survived	survived		No-op: the bound is the constant 4, whose bit 2 is already 1.
1356	events	cnot1 Y[3] ctrl 0	GAP	not_proven	internal_only	killed	survived	logical_output_2:8461	Ownership-masked pin decode on engine 0's event path; in the suite it changed logical_output_2 for 8,461 cycles without reaching a pin. Killed by the deep random stage.
1371	events	const0 B[2]	EQ-proven	equivalent	not_activated	survived	survived		No-op: case-item constant 11 (LOOP) in engine 1's validity decode already has bit 2 = 0.
1416	events	const1 Y[0]	GAP	not_proven	not_activated	survived	killed		Engine 1 operand check bc_zero forced true: PUSH/NOT/TIME with nonzero b or c fields are executed instead of faulting with code 1. Kill: engine 1 runs e.g. TIME x with c != 0 and must fault 1.
1521	pins	cnot1 B[4] ctrl 3	GAP	not_proven	internal_only	survived	survived	logical_output_2:5155	logical_output_2 (engine 0) XFER data-pin update: when the data pin is 3 and the bit is 1, bit 4 also toggles (differs 5,155 cycles). Kill: XFER on engine 0 with data on pin 3 while engine 0 owns and drives pin 4.
1577	pins	inv A[3]	EQ-manual	not_proven	internal_only	survived	survived	logical_enable:114442	logical_enable (engine 3) bit 3 toggles on the hold path, which is only used while the engine is inactive; its pins are masked by run/fault then, and START/STOP zero the register (differs 114,442 cycles, never visible).
1634	pins	inv A[7]	EQ-manual	not_proven	internal_only	survived	survived	logical_enable_2:97191	Same as 1577 for logical_enable_2 (engine 0) bit 7.
1694	pins	cnot1 B[0] ctrl 1	GAP	not_proven	not_activated	killed	survived		logical_output_0 (engine 2) XFER output update corrupts pin 0 (clears it, or keeps it when the data pin is 0). Kill: SPI-style XFER with drive on engine 2 while engine 2 also owns and drives pin 0. Killed by the deep random stage.
1753	engine_xfer	cnot1 Y[5] ctrl 7	GAP	not_proven	not_activated	survived	killed		transfer_period (engine 2): during a transfer the period register alternates between b and b^32 every cycle when bit 7 is set; half-periods >= 128 are never used. Kill: XFER with an odd half-period >= 128 (201) on an owned, enabled clock pin; with an even period every reload lands on the same phase.
1761	engine_xfer	const0 A[2]	EQ-manual	not_proven	internal_only	survived	survived	transfer_tick_2:4581	transfer_tick_2 (engine 0) bit 2 cleared on the hold path while the engine is inactive; a transfer only runs while active, STOP zeroes transfer_edges and START zeroes the tick.
1943	engine_xfer	cnot1 Y[0] ctrl 3	EQ-proven	equivalent	not_activated	survived	survived		transfer_edges_2 update path; proved by equiv_induct.
1978	imem	const1 Q[1]	EQ-manual	not_proven	internal_only	survived	survived	_1623:282346	Bit 1 of the host write-nibble shift register stuck at 1. The assembled word is {new nibble, reg[31:4]}, so reg[3:0] is shifted out and never read (differs 282,346 cycles, never visible).
2121	fifo	cnot1 A[3] ctrl 15	GAP	not_proven	internal_only	survived	survived	_7456[6]:12065,_7456[4]:10013,_7456[2]:3225,_5841[1]:1277	DMA word data: bit 3 flips when bit 15 is set, corrupting routed words in the destination TX FIFO (FIFO words differ). Kill: route words with bit 15 set and have the destination engine PULL and transmit them on an owned pin, or route them back to an RX FIFO the host reads.
2147	fifo	const1 B[0]	EQ-proven	equivalent	not_activated	survived	survived		FIFO pointer update enable: forcing one AND operand to 1 is harmless because the other operand implies it; proved by equiv_induct.
2245	engine_data	inv A[3]	EQ-manual	not_proven	internal_only	survived	survived	x_2:97224	x_2 (engine 0) bit 3 toggles on the hold path while inactive; x is not host-readable and START resets it.
2279	engine_data	const0 B[15]	GAP	not_proven	not_activated	survived	killed		SHR result written to rx_0 (engine 1): bit 15 forced 0. Kill: rx = 0x80000000 (LOAD 1, SHL 31), SHR 16, PUSH; the host reads 0x8000.
2313	engine_data	cnot1 A[1] ctrl 0	EQ-proven	equivalent	not_activated	survived	survived		Compare of engine 3's 2-bit register select with 0: bit 1 flips only when bit 0 is set, and the value is nonzero either way.
2344	engine_data	const0 A[6]	EQ-manual	not_proven	internal_only	survived	survived	tx_0:13210	tx_0 (engine 1) bit 6 cleared on the hold path while inactive; tx is not host-readable and START resets it.
