# Published bitstreams: name, board, clock, PLACER:SEED, build.sh options
# (space-separated K=V, no spaces inside a value; "-" for none).
# fpga/scripts/release.sh NAME OUT_DIR rebuilds one. These are the
# 2026-09-27 release (capture unit in the UART-bridge builds), built from
# this tree; the seeds come from the sweep in docs/fpga.md ("Build results,
# capture-unit release"). The 2026-09-26 and 2026-09-25 bitstreams were built
# from earlier trees and are not reproduced by this table.
pe_cmod_a7_pll50	cmod_a7	pll50	heap:18	SYNTH_OPTS=-nowidelut ABC9_SCRIPT=flow3mfs ABC9_W=1000 TIMING_WEIGHT=160
pe_cmod_a7_pll50_bridgeonly	cmod_a7	pll50	heap:40	BRIDGE_ONLY=1 SYNTH_OPTS=-nowidelut ABC9_SCRIPT=flow3mfs ABC9_W=1000 TIMING_WEIGHT=80
pe_cmod_a7_pll40	cmod_a7	pll40	heap:30	SYNTH_OPTS=-nowidelut ABC9_SCRIPT=flow3mfs ABC9_W=1000 TIMING_WEIGHT=160
pe_cmod_a7_osc12	cmod_a7	osc12	heap:26	SYNTH_OPTS=-nowidelut ABC9_SCRIPT=flow3mfs ABC9_W=1000 TIMING_WEIGHT=160
pe_cmod_a7_host	cmod_a7	host	heap:23	ABC9_SCRIPT=flow3mfs ABC9_W=1000 TIMING_WEIGHT=160
pe_urbana_pll50	urbana	pll50	heap:5	ABC9_SCRIPT=flow3mfs ABC9_W=1000 TIMING_WEIGHT=160
pe_urbana_host	urbana	host	heap:40	SYNTH_OPTS=-nowidelut ABC9_SCRIPT=flow3mfs ABC9_W=1000 TIMING_WEIGHT=160
