id	region	mode	state	rip
17	engine_ctrl	const0	blocked_cycles	not infected
18	engine_ctrl	cnot1	blocked_cycles	not infected
33	engine_ctrl	const0	blocked_cycles	not infected
34	engine_ctrl	cnot1	blocked_cycles	not infected
47	engine_ctrl	const1	repeat_count	infected: repeat_count
50	engine_ctrl	const0	blocked_cycles	not infected
63	engine_ctrl	const0	blocked_cycles	not infected
81	engine_ctrl	const0	blocked_cycles	not infected
99	engine_ctrl	inv	wait_limit	infected: wait_limit
121	engine_ctrl	const0	blocked_cycles	not infected
128	engine_ctrl	const0	blocked_cycles	not infected
129	engine_ctrl	const0	blocked_cycles	not infected
143	engine_ctrl	cnot1	blocked_cycles	not infected
152	engine_ctrl	cnot1	repeat_count	not infected
153	engine_ctrl	const0	blocked_cycles	not infected
158	engine_ctrl	inv	blocked_cycles	infected: blocked_cycles
160	engine_ctrl	cnot1	blocked_cycles	infected: blocked_cycles
166	engine_ctrl	const0	wait_limit	infected: wait_limit
167	engine_ctrl	cnot1	blocked_cycles	not infected
168	engine_ctrl	cnot1	blocked_cycles	infected: blocked_cycles
176	engine_ctrl	const0	blocked_cycles	not infected
183	engine_ctrl	const0	blocked_cycles	not infected
187	engine_ctrl	cnot1	wait_limit	infected: wait_limit
206	engine_ctrl	inv	wait_timer	infected: wait_timer
208	engine_ctrl	cnot0	blocked_cycles	infected: blocked_cycles
222	engine_ctrl	cnot1	blocked_cycles	not infected
225	engine_ctrl	cnot1	blocked_cycles	not infected
226	engine_ctrl	const0	wait_limit	infected: wait_limit
228	engine_ctrl	const0	blocked_cycles	not infected
244	engine_ctrl	cnot1	blocked_cycles	not infected
245	engine_ctrl	const0	blocked_cycles	not infected
249	engine_ctrl	const0	blocked_cycles	not infected
254	engine_ctrl	const0	blocked_cycles	not infected
261	engine_ctrl	cnot0	wait_limit	infected: wait_limit
262	engine_ctrl	inv	blocked_cycles	infected: blocked_cycles
293	engine_ctrl	cnot1	blocked_cycles	not infected
305	engine_ctrl	const0	blocked_cycles	not infected
314	engine_ctrl	const0	blocked_cycles	not infected
316	engine_ctrl	const0	blocked_cycles	not infected
331	engine_ctrl	cnot1	blocked_cycles	not infected
335	engine_ctrl	cnot1	blocked_cycles	not infected
351	engine_ctrl	const0	blocked_cycles	infected: blocked_cycles
371	engine_ctrl	const0	blocked_cycles	not infected
377	engine_ctrl	const1	blocked_cycles	infected: blocked_cycles
388	engine_ctrl	const0	blocked_cycles	not infected
389	engine_ctrl	cnot1	blocked_cycles	not infected
394	engine_ctrl	const0	blocked_cycles	not infected
406	engine_ctrl	cnot1	blocked_cycles	not infected
410	engine_ctrl	const0	pc	not infected
413	engine_ctrl	const1	blocked_cycles	infected: blocked_cycles
421	engine_ctrl	const0	blocked_cycles	not infected
452	engine_ctrl	cnot0	blocked_cycles	infected: blocked_cycles
454	engine_ctrl	cnot0	blocked_cycles	infected: blocked_cycles
473	engine_ctrl	const0	blocked_cycles	not infected
477	engine_ctrl	const0	blocked_cycles	not infected
516	engine_ctrl	cnot1	blocked_cycles	not infected
532	engine_ctrl	cnot0	blocked_cycles	infected: blocked_cycles
761	host	const1	uo_out	not infected
802	host	cnot1	image_length	infected: image_length
905	host	const1	uo_out	not infected
1327	events	const1	mailbox	infected: fault_code
1393	events	const1	mailbox	infected: fault_code
1481	events	const1	mailbox	infected: fault_code
1506	pins	cnot0	uio_oe	not infected
1526	pins	const1	uio_out	not infected
1546	pins	const0	logical_enable	not infected
1549	pins	inv	logical_enable	infected: logical_enable
1624	pins	inv	logical_enable	infected: logical_enable
1639	pins	const1	logical_output	infected: logical_output
1681	pins	cnot0	logical_output	infected: logical_output
1716	pins	const1	logical_enable	infected: logical_enable
1720	pins	cnot1	logical_output	infected: logical_output
1752	engine_xfer	const0	transfer_pins	infected: transfer_pins
1767	engine_xfer	cnot0	transfer_tick	infected: transfer_tick
1769	engine_xfer	const1	transfer_mode	infected: transfer_mode
1779	engine_xfer	inv	transfer_edges	infected: transfer_edges
1780	engine_xfer	cnot0	transfer_period	infected: transfer_period
1781	engine_xfer	const0	transfer_period	infected: transfer_period
1797	engine_xfer	cnot1	transfer_pins	infected: rx,transfer_pins,tx
1806	engine_xfer	inv	transfer_pins	infected: transfer_pins
1808	engine_xfer	const1	transfer_tick	infected: transfer_tick
1809	engine_xfer	cnot1	transfer_period	infected: transfer_period
1815	engine_xfer	inv	transfer_edges	infected: transfer_edges
1822	engine_xfer	cnot0	transfer_mode	infected: transfer_mode
1829	engine_xfer	const0	transfer_pins	infected: transfer_pins
1838	engine_xfer	const0	transfer_edges	not infected
1840	engine_xfer	const0	transfer_period	infected: transfer_period
1843	engine_xfer	const1	transfer_edges	infected: transfer_edges
1854	engine_xfer	cnot1	transfer_pins	infected: transfer_pins
1865	engine_xfer	cnot1	transfer_tick	not infected
1888	engine_xfer	cnot0	transfer_pins	infected: transfer_pins
1893	engine_xfer	const1	transfer_tick	infected: transfer_tick
1905	engine_xfer	const1	transfer_pins	infected: transfer_pins
1907	engine_xfer	const1	transfer_tick	infected: transfer_tick
1910	engine_xfer	const1	transfer_period	infected: transfer_period
1928	engine_xfer	inv	transfer_edges	infected: transfer_edges
1949	engine_xfer	const0	transfer_period	infected: transfer_period
1968	imem	inv	sram_pins	infected: anonymous
1972	imem	cnot0	sram_pins	not infected
1990	imem	cnot1	sram_pins	infected: anonymous
1992	imem	cnot1	sram_pins	infected: anonymous
1996	imem	cnot0	sram_pins	infected: anonymous
2032	shared	const0	blocked_cycles,fault_code,logical_enable,logical_output	infected: fault_code,host_fault,running
2141	fifo	cnot1	anonymous	infected: anonymous
2144	fifo	cnot1	anonymous	infected: anonymous,rx,tx
2188	fifo	cnot1	anonymous	infected: anonymous,tx
2264	engine_data	cnot1	y	infected: y
2295	engine_data	const0	x	not infected
2300	engine_data	const0	tx	not infected
2355	engine_data	cnot1	x	infected: x
