id	region	mode	status	how
1	line/out-shared	inv	killed	ordered:test_line_random
2	line/state	const1	killed	ordered:test_line_random
3	line/out-engine_xfer	const1	killed	ordered:test_line_random
4	line/state	cnot0	killed	ordered:test_line_random
5	line/state	cnot1	killed	ordered:test_line_random
6	line/out-engine_xfer	inv	killed	ordered:test_line_random
7	line/state	const1	killed	ordered:test_line_random
8	line/state	const0	killed	ordered:test_line_random
9	line/state	cnot1	killed	ordered:test_line_random
10	line/out-engine_xfer	const0	killed	ordered:test_line_spec_every_engine
11	line/state	inv	killed	ordered:test_line_unit
12	line/state	cnot0	killed	ordered:test_line_unit
13	line/state	cnot0	killed	ordered:test_line_unit
14	line/out-engine_xfer	const1	killed	ordered:test_line_unit
15	line/out-engine_xfer	cnot0	killed	ordered:test_line_unit
16	line/out-shared	const0	killed	ordered:test_line_unit
17	line/out-shared	const0	killed	ordered:test_line_random
18	line/out-events	const1	killed	ordered:test_line_random
19	line/state	cnot1	killed	ordered:test_line_spec_crc
20	line/state	const0	killed	ordered:test_line_spec_crc
21	line/state	cnot0	killed	ordered:test_line_random
22	line/state	const0	killed	ordered:test_line_random
23	line/state	cnot0	killed	ordered:test_line_random
24	line/state	inv	killed	ordered:test_line_spec_every_engine
25	line/state	const1	killed	ordered:test_line_spec_crc
26	line/state	const1	killed	ordered:test_line_spec_every_engine
27	line/state	inv	killed	ordered:test_line_spec_every_engine
28	line/state	cnot1	killed	ordered:test_line_spec_crc
29	line/state	cnot0	killed	ordered:test_line_spec_crc
30	line/state	const0	killed	ordered:test_line_spec_every_engine
31	line/state	const0	killed	ordered:test_line_spec_crc
32	line/state	const0	killed	ordered:test_line_spec_every_engine
33	line/state	const0	killed	ordered:test_line_spec_crc
34	line/state	const1	killed	ordered:test_line_spec_crc
35	line/state	const1	killed	ordered:test_line_spec_every_engine
36	line/state	cnot0	killed	ordered:test_line_spec_crc
37	line/state	cnot1	killed	ordered:test_line_demos
38	line/state	cnot0	killed	ordered:test_line_spec_crc
39	line/state	const0	killed	ordered:test_line_unit
40	line/state	const0	killed	ordered:test_line_spec_crc
41	line/state	inv	killed	ordered:test_line_unit
42	line/state	inv	killed	ordered:test_line_unit
43	line/state	const1	killed	ordered:test_line_spec_crc
44	line/state	const1	killed	ordered:test_line_spec_crc
45	line/state	inv	killed	ordered:test_line_spec_every_engine
46	line/state	const1	killed	ordered:test_line_spec_every_engine
47	line/state	inv	killed	ordered:test_line_spec_every_engine
48	line/state	const1	killed	ordered:test_line_spec_every_engine
49	line/state	cnot0	killed	ordered:test_line_spec_every_engine
50	line/state	cnot1	killed	ordered:test_line_spec_every_engine
51	line/state	const1	killed	ordered:test_line_spec_every_engine
52	line/state	const0	killed	ordered:test_line_spec_every_engine
53	line/state	const0	killed	ordered:test_line_spec_crc
54	line/state	inv	killed	ordered:test_line_spec_every_engine
55	line/state	inv	killed	ordered:test_line_spec_every_engine
56	line/state	inv	killed	ordered:test_line_spec_crc
57	line/state	cnot0	killed	ordered:test_line_spec_crc
58	line/state	const1	killed	ordered:test_line_spec_every_engine
59	line/out-shared	inv	killed	ordered:test_line_random
60	line/out-shared	inv	killed	ordered:test_line_random
61	line/state	const1	killed	ordered:test_line_spec_every_engine
62	line/state	const1	equivalent	equiv_induct
63	line/state	const1	killed	ordered:test_line_random
64	line/state	const1	killed	ordered:test_line_random
65	line/state	cnot1	equivalent	equiv_induct
66	line/state	const1	killed	ordered:test_line_unit
67	line/state	const0	killed	ordered:test_kill_xfer
68	line/state	cnot0	killed	ordered:test_line_unit
69	line/state	const1	killed	ordered:test_line_random
70	line/state	const0	killed	ordered:test_line_random
71	line/state	inv	killed	ordered:test_line_random
72	line/state	inv	killed	ordered:test_line_random
73	line/out-shared	inv	killed	ordered:test_line_random
74	line/out-shared	const0	killed	ordered:test_line_random
75	line/state	inv	killed	ordered:test_line_unit
76	line/state	const0	killed	ordered:test_line_unit
77	line/state	inv	killed	ordered:test_line_unit
78	line/state	cnot1	killed	ordered:test_line_random
79	line/state	const1	killed	ordered:test_line_random
80	line/state	inv	killed	ordered:test_line_random
81	line/state	inv	killed	ordered:test_line_demos
82	line/state	const0	killed	ordered:test_line_spec_every_engine
83	line/state	const1	killed	ordered:test_line_demos
84	line/state	const0	killed	ordered:test_line_spec_every_engine
85	line/state	inv	killed	ordered:test_line_spec_every_engine
86	line/state	inv	killed	ordered:test_line_unit
87	line/state	const1	killed	ordered:test_line_unit
88	line/state	cnot0	killed	ordered:test_line_unit
89	line/state	cnot1	killed	ordered:test_line_spec_every_engine
90	line/state	inv	killed	ordered:test_line_random
91	line/state	const1	killed	ordered:test_line_random
92	line/state	inv	killed	ordered:test_line_random
93	line/state	inv	killed	ordered:test_line_random
94	line/state	cnot1	killed	ordered:test_line_random
95	line/state	const1	killed	ordered:test_line_demos
96	line/state	const1	killed	ordered:test_line_random
97	line/state	const1	killed	ordered:test_line_random
98	line/state	const1	killed	ordered:test_line_random
99	line/state	const1	killed	ordered:test_line_unit
100	line/state	const0	killed	ordered:test_line_random
101	line/state	inv	killed	ordered:test_line_spec_crc
102	line/state	const1	killed	ordered:test_line_spec_every_engine
103	line/state	inv	killed	ordered:test_line_spec_every_engine
104	line/state	inv	killed	ordered:test_line_spec_every_engine
105	line/state	const1	killed	ordered:test_line_spec_every_engine
106	line/state	const1	killed	ordered:test_line_unit
107	line/state	const1	killed	ordered:test_line_unit
108	line/state	const1	killed	ordered:test_line_unit
109	line/state	inv	killed	ordered:test_line_unit
110	line/state	inv	killed	ordered:test_line_unit
111	line/state	const1	killed	ordered:test_line_unit
112	line/state	const0	equivalent	equiv_induct
113	line/state	cnot0	killed	ordered:test_line_unit
114	line/state	const1	killed	ordered:test_line_unit
115	line/state	const1	killed	ordered:test_line_spec_crc
116	line/state	inv	killed	ordered:test_line_spec_every_engine
117	line/state	const1	killed	ordered:test_line_spec_every_engine
118	line/state	inv	killed	ordered:test_line_spec_every_engine
119	line/state	const0	equivalent	equiv_induct
120	line/state	const1	killed	ordered:test_line_spec_every_engine
121	line/state	const0	killed	ordered:test_line_spec_crc
122	line/state	const1	killed	ordered:test_line_spec_every_engine
123	line/state	const0	killed	ordered:test_line_random
124	line/state	const0	killed	ordered:test_line_spec_every_engine
125	line/state	const0	equivalent	equiv_induct
126	line/state	const1	killed	ordered:test_line_spec_crc
127	line/state	const1	killed	ordered:test_line_random
128	line/out-pins	cnot0	killed	ordered:test_line_random
129	line/out-pins	cnot0	killed	ordered:test_line_spec_pins
130	line/out-pins	const1	killed	ordered:test_line_spec_pins
131	line/out-pins	inv	killed	ordered:test_line_spec_pins
132	line/out-pins	const1	killed	ordered:test_line_spec_pins
133	line/out-pins	const0	killed	ordered:test_line_spec_every_engine
134	line/out-pins	const1	killed	ordered:test_line_spec_pins
135	line/out-pins	const0	killed	ordered:test_line_random
136	line/out-pins	cnot1	killed	ordered:test_line_spec_pins
137	line/out-pins	cnot0	killed	ordered:test_line_unit
138	line/out-pins	const1	killed	ordered:test_line_spec_pins
139	line/out-pins	inv	killed	ordered:test_line_spec_pins
140	line/out-pins	inv	killed	ordered:test_line_spec_pins
141	line/out-pins	cnot1	survived	
142	line/out-pins	const1	survived	
143	line/out-pins	cnot1	survived	
144	line/out-pins	inv	killed	ordered:test_random
145	line/out-pins	cnot0	killed	ordered:test_random
146	line/out-engine_xfer	const1	killed	ordered:test_line_unit
147	line/out-engine_xfer	cnot1	killed	ordered:test_line_unit
148	line/out-engine_xfer	const0	survived	
149	line/out-engine_ctrl	cnot1	survived	
150	line/out-engine_ctrl	cnot0	survived	
151	line/out-engine_ctrl	const1	killed	ordered:test_line_spec_bounded_wait
152	line/out-engine_ctrl	const1	survived	
153	line/out-engine_ctrl	const0	survived	
154	line/out-engine_ctrl	cnot1	survived	
155	line/out-engine_ctrl	cnot0	killed	ordered:test_line_spec_bounded_wait
156	line/out-engine_ctrl	cnot0	killed	ordered:test_line_spec_bounded_wait
157	line/out-engine_ctrl	inv	killed	ordered:test_line_unit
158	line/out-engine_ctrl	const1	killed	ordered:test_line_spec_bounded_wait
159	line/out-shared	const1	killed	ordered:test_line_unit
160	line/state	inv	killed	ordered:test_line_unit
161	line/state	const0	killed	ordered:test_line_unit
162	line/out-engine_ctrl	const0	killed	ordered:test_line_unit
163	line/out-engine_ctrl	inv	killed	ordered:test_line_unit
164	line/out-engine_ctrl	inv	killed	ordered:test_line_unit
165	line/out-engine_data	const1	killed	ordered:test_line_spec_crc
166	line/out-engine_data	cnot1	killed	ordered:test_line_spec_registers
167	line/state	const0	killed	ordered:test_line_unit
168	line/state	inv	killed	ordered:test_line_unit
169	line/state	const1	survived	
170	line/out-engine_xfer	const0	equivalent	equiv_induct
171	line/out-engine_xfer	inv	killed	ordered:test_line_random
172	line/out-engine_xfer	cnot0	killed	ordered:test_line_random
173	line/out-engine_xfer	const0	killed	ordered:test_line_random
174	line/out-engine_ctrl	const0	survived	
175	line/out-engine_ctrl	const0	equivalent	equiv_induct
176	line/out-engine_ctrl	const1	killed	ordered:test_line_spec_bounded_wait
177	line/out-engine_ctrl	const1	killed	ordered:test_line_spec_bounded_wait
178	line/out-engine_ctrl	cnot1	survived	
179	line/out-engine_ctrl	cnot1	survived	
180	line/out-engine_ctrl	inv	survived	
181	line/out-engine_ctrl	cnot0	survived	
182	line/out-engine_ctrl	const0	equivalent	equiv_induct
183	line/out-engine_ctrl	cnot1	survived	
184	line/out-engine_ctrl	const0	survived	
185	line/out-engine_ctrl	cnot1	survived	
186	line/out-engine_ctrl	cnot0	killed	ordered:test_line_spec_bounded_wait
187	line/out-engine_ctrl	const1	killed	ordered:test_line_spec_bounded_wait
188	line/out-engine_ctrl	const1	killed	ordered:test_line_spec_bounded_wait
189	line/out-engine_ctrl	cnot1	survived	
190	line/out-engine_ctrl	const1	killed	ordered:test_line_spec_bounded_wait
191	line/out-engine_ctrl	inv	killed	ordered:test_line_random
192	line/state	const0	killed	ordered:test_line_random
193	line/state	inv	survived	
194	line/state	inv	killed	ordered:test_line_random
195	line/out-engine_data	const0	killed	ordered:test_line_spec_registers
196	line/out-engine_data	const0	killed	ordered:test_line_spec_registers
197	line/out-engine_data	const0	killed	ordered:test_line_spec_registers
198	line/out-engine_data	cnot1	killed	ordered:test_line_spec_crc
199	line/out-engine_data	inv	killed	ordered:test_line_spec_crc
200	line/out-engine_data	const1	killed	ordered:test_line_spec_crc
201	line/state	const0	killed	ordered:test_line_spec_every_engine
202	line/state	inv	killed	ordered:test_line_spec_every_engine
203	line/out-engine_xfer	cnot1	killed	ordered:test_line_spec_every_engine
204	line/out-engine_xfer	const1	killed	ordered:test_line_random
205	line/out-engine_ctrl	const0	survived	
206	line/out-engine_ctrl	const1	survived	
207	line/out-engine_ctrl	cnot0	survived	
208	line/out-engine_ctrl	cnot1	survived	
209	line/out-engine_ctrl	inv	survived	
210	line/out-engine_ctrl	const1	survived	
211	line/out-engine_ctrl	cnot1	survived	
212	line/out-engine_ctrl	inv	killed	ordered:test_line_spec_bounded_wait
213	line/out-engine_ctrl	cnot0	survived	
214	line/out-engine_ctrl	const1	killed	ordered:test_line_spec_bounded_wait
215	line/out-engine_ctrl	cnot1	survived	
216	line/out-engine_ctrl	const1	killed	ordered:test_line_spec_bounded_wait
217	line/out-engine_ctrl	const0	survived	
218	line/out-engine_ctrl	const1	killed	ordered:test_line_spec_bounded_wait
219	line/out-engine_ctrl	const0	survived	
220	line/out-engine_ctrl	const0	survived	
221	line/out-engine_ctrl	const0	survived	
222	line/state	inv	killed	ordered:test_line_random
223	line/state	inv	killed	ordered:test_line_random
224	line/state	const0	survived	
225	line/out-engine_ctrl	const1	killed	ordered:test_line_random
226	line/out-engine_ctrl	const1	killed	ordered:test_line_spec_every_engine
227	line/out-engine_xfer	cnot1	killed	ordered:test_line_spec_every_engine
228	line/out-engine_xfer	cnot0	killed	ordered:test_line_random
229	line/out-engine_ctrl	cnot1	survived	
230	line/out-engine_ctrl	inv	killed	ordered:test_line_spec_bounded_wait
231	line/out-engine_ctrl	cnot1	survived	
232	line/out-engine_ctrl	const0	equivalent	equiv_induct
233	line/out-engine_ctrl	inv	killed	ordered:test_line_spec_bounded_wait
234	line/out-engine_ctrl	cnot0	killed	ordered:test_line_spec_bounded_wait
235	line/out-engine_ctrl	cnot0	killed	ordered:test_line_spec_bounded_wait
236	line/out-engine_ctrl	cnot0	killed	ordered:test_line_random
237	line/out-engine_ctrl	inv	killed	ordered:test_line_random
238	line/state	const1	killed	ordered:test_line_random
239	line/state	const1	survived	
240	line/state	const1	killed	ordered:test_line_random
241	line/state	const0	killed	ordered:test_line_random
242	line/state	const1	killed	ordered:test_line_random
243	line/state	inv	killed	ordered:test_line_random
244	line/out-engine_ctrl	inv	killed	ordered:test_line_random
245	line/state	const0	killed	ordered:test_line_random
246	line/state	cnot1	killed	ordered:test_line_random
247	line/state	cnot1	killed	ordered:test_line_random
248	line/state	cnot1	killed	ordered:test_line_random
249	line/state	inv	killed	ordered:test_line_random
250	line/state	const0	killed	ordered:test_line_spec_every_engine
251	line/state	cnot1	killed	ordered:test_line_random
252	line/state	const0	killed	ordered:test_line_random
253	line/state	const1	killed	ordered:test_line_random
254	line/state	inv	killed	ordered:test_line_random
255	line/state	const1	killed	ordered:test_line_random
256	line/state	cnot1	killed	ordered:test_line_random
257	line/state	cnot0	killed	ordered:test_line_random
258	line/state	cnot1	killed	ordered:test_line_random
259	line/state	cnot0	killed	ordered:test_line_random
260	line/state	inv	killed	ordered:test_line_random
261	line/state	const0	killed	ordered:test_line_random
262	line/state	const1	killed	ordered:test_line_random
263	line/state	inv	killed	ordered:test_line_random
264	line/state	cnot1	killed	ordered:test_line_random
265	line/state	inv	killed	ordered:test_line_random
266	line/state	inv	killed	ordered:test_line_random
267	line/state	const1	equivalent	miter-abc-900s
268	line/state	cnot1	killed	ordered:test_line_spec_crc
269	line/state	cnot0	killed	ordered:test_line_random
270	line/state	inv	killed	ordered:test_line_random
271	line/state	const1	killed	ordered:test_line_random
272	line/state	cnot0	killed	ordered:test_line_random
273	line/state	const0	killed	ordered:test_line_random
274	line/state	const0	killed	ordered:test_line_random
275	line/state	cnot0	killed	ordered:test_line_random
276	line/state	inv	killed	ordered:test_line_spec_xfer_crc_bit
277	line/state	cnot1	killed	ordered:test_line_random
278	line/state	const1	killed	ordered:test_line_spec_every_engine
279	line/state	cnot0	killed	ordered:test_line_random
280	line/state	const1	killed	ordered:test_line_random
281	line/state	inv	killed	ordered:test_line_random
282	line/state	const0	killed	ordered:test_line_random
283	line/state	const1	killed	ordered:test_line_random
284	line/state	const1	killed	ordered:test_line_random
285	line/state	cnot1	killed	ordered:test_line_random
286	line/out-engine_data	const1	killed	ordered:test_line_spec_registers
287	line/out-engine_data	inv	killed	ordered:test_line_spec_registers
288	line/out-engine_data	inv	killed	ordered:test_line_spec_registers
289	line/out-engine_data	cnot1	killed	ordered:test_line_spec_registers
290	line/out-engine_data	cnot0	killed	ordered:test_line_spec_crc
291	line/out-engine_data	inv	killed	ordered:test_line_spec_crc
292	line/out-engine_data	const0	killed	ordered:test_line_spec_lstat
293	line/out-engine_data	const1	killed	ordered:test_line_spec_every_engine
294	line/out-engine_data	const0	killed	ordered:test_line_spec_lstat
295	line/out-engine_data	inv	killed	ordered:test_line_spec_every_engine
296	line/out-engine_data	const0	killed	ordered:test_line_spec_crc
297	line/out-engine_data	inv	killed	ordered:test_line_spec_crc
298	line/out-engine_data	const1	killed	ordered:test_line_spec_crc
299	line/out-engine_data	const0	killed	ordered:test_line_spec_crc
300	line/out-engine_data	const1	killed	ordered:test_line_spec_crc
301	line/out-engine_data	cnot1	killed	ordered:test_line_spec_registers
302	line/out-engine_data	cnot0	killed	ordered:test_line_spec_registers
303	line/out-engine_data	inv	killed	ordered:test_line_spec_every_engine
304	line/out-engine_data	cnot0	killed	ordered:test_line_spec_every_engine
305	line/out-engine_data	cnot1	killed	ordered:test_line_spec_every_engine
306	line/out-engine_data	const1	killed	ordered:test_line_random
307	line/out-engine_data	inv	killed	ordered:test_line_random
308	line/out-engine_data	cnot1	killed	ordered:test_line_random
309	line/out-engine_data	const0	killed	ordered:test_line_random
310	line/out-engine_data	const1	killed	ordered:test_line_spec_every_engine
311	line/out-engine_data	const1	killed	ordered:test_line_random
312	line/out-engine_data	const1	killed	ordered:test_line_random
313	line/out-engine_data	const1	killed	ordered:test_line_random
314	line/out-engine_data	inv	killed	ordered:test_line_random
315	line/out-engine_data	cnot0	killed	ordered:test_line_random
316	line/out-engine_data	const0	killed	ordered:test_line_spec_every_engine
317	line/out-engine_data	inv	killed	ordered:test_line_spec_every_engine
318	line/state	cnot1	killed	ordered:test_line_random
319	line/state	cnot1	killed	ordered:test_line_random
320	line/state	cnot1	killed	ordered:test_line_random
321	line/state	cnot1	killed	ordered:test_line_random
322	line/state	const0	killed	ordered:test_line_random
323	line/state	inv	killed	ordered:test_line_random
324	line/state	cnot0	survived	
325	line/state	inv	killed	ordered:test_line_random
326	line/state	const0	killed	ordered:test_line_random
327	line/state	cnot1	killed	ordered:test_line_random
328	line/state	cnot0	killed	ordered:test_line_random
329	line/state	const0	equivalent	miter-abc-900s
330	line/state	inv	killed	ordered:test_line_random
331	line/state	const0	killed	ordered:test_line_random
332	line/state	cnot0	killed	ordered:test_line_random
333	line/state	cnot1	killed	ordered:test_line_random
334	line/state	const1	killed	ordered:test_line_random
335	line/state	const0	equivalent	miter-abc-900s
336	line/out-engine_data	const1	killed	ordered:test_line_random
337	line/out-engine_data	const0	killed	ordered:test_line_spec_registers
338	line/out-engine_data	const1	killed	ordered:test_line_random
339	line/out-engine_data	cnot0	killed	ordered:test_line_random
340	line/out-engine_data	cnot0	killed	ordered:test_line_spec_crc
341	line/out-engine_data	const1	killed	ordered:test_line_random
342	line/state	const1	killed	ordered:test_line_random
343	line/state	const0	killed	ordered:test_line_random
344	line/state	const1	killed	ordered:test_line_spec_every_engine
345	line/state	const0	killed	ordered:test_line_spec_stuffing
346	line/state	inv	killed	ordered:test_line_random
347	line/state	inv	killed	ordered:test_line_demos
348	line/state	const0	killed	ordered:test_line_spec_every_engine
349	line/state	const1	survived	
350	line/state	const0	survived	
351	line/state	inv	killed	ordered:test_line_spec_every_engine
352	line/state	const1	killed	ordered:test_line_spec_every_engine
353	line/state	const1	killed	ordered:test_line_spec_every_engine
354	line/state	cnot0	killed	ordered:test_line_random
355	line/state	const1	killed	ordered:test_line_random
356	line/state	const1	killed	ordered:test_line_random
357	line/state	inv	killed	ordered:test_line_random
358	line/state	inv	killed	ordered:test_line_random
359	line/state	inv	killed	ordered:test_line_random
360	line/state	const1	killed	ordered:test_line_random
361	line/state	const0	killed	ordered:test_line_random
362	line/state	const0	killed	ordered:test_line_random
363	line/state	inv	killed	ordered:test_line_random
364	line/state	const0	killed	ordered:test_line_random
365	line/state	cnot0	killed	ordered:test_line_random
366	line/state	const1	killed	ordered:test_line_random
367	line/state	inv	killed	ordered:test_line_spec_state_held
368	line/state	inv	killed	ordered:test_line_random
369	line/state	cnot1	equivalent	miter-abc-900s
370	line/state	cnot1	equivalent	miter-abc-900s
371	line/state	const0	killed	ordered:test_line_random
372	line/state	const1	killed	ordered:test_line_random
373	line/state	cnot1	equivalent	miter-abc-900s
374	line/state	cnot0	equivalent	miter-abc-900s
375	line/state	const0	equivalent	equiv_induct
376	line/state	const0	killed	ordered:test_line_spec_every_engine
377	line/state	const1	killed	ordered:test_line_random
378	line/state	inv	killed	ordered:test_line_random
379	line/state	const0	killed	ordered:test_line_random
380	line/state	cnot0	killed	ordered:test_line_random
381	line/state	inv	killed	ordered:test_line_random
382	line/state	const0	killed	ordered:test_line_spec_bounded_wait
383	line/state	cnot0	killed	ordered:test_line_spec_bounded_wait
384	line/state	inv	killed	ordered:test_line_random
385	line/state	inv	killed	ordered:test_line_random
386	line/state	const1	killed	ordered:test_line_random
387	line/state	cnot0	equivalent	miter-abc-900s
388	line/state	cnot0	killed	ordered:test_line_random
389	line/state	const1	equivalent	miter-abc-900s
390	line/state	cnot1	killed	ordered:test_line_random
391	line/state	cnot0	killed	ordered:test_line_random
392	line/state	cnot1	killed	ordered:test_line_random
393	line/state	cnot0	killed	ordered:test_line_random
394	line/state	const0	killed	ordered:test_line_random
395	line/state	cnot0	killed	ordered:test_line_random
396	line/state	inv	killed	ordered:test_line_random
397	line/state	const0	killed	ordered:test_line_random
398	line/out-engine_xfer	const1	equivalent	miter-abc-900s
399	line/state	const1	killed	ordered:test_line_random
400	line/state	const0	killed	ordered:test_line_spec_lstat
401	line/state	const0	survived	
402	line/state	inv	killed	ordered:test_line_random
403	line/state	cnot1	killed	ordered:test_line_spec_every_engine
404	line/state	cnot1	killed	ordered:test_line_spec_every_engine
405	line/state	const0	killed	ordered:test_line_spec_every_engine
406	line/out-engine_data	const0	killed	ordered:test_line_spec_lstat
407	line/out-engine_data	cnot1	killed	ordered:test_line_spec_lstat
408	line/out-engine_data	const0	killed	ordered:test_line_spec_every_engine
409	line/out-engine_data	cnot1	killed	ordered:test_line_spec_every_engine
410	line/out-engine_data	const0	killed	ordered:test_line_spec_every_engine
411	line/out-engine_data	const0	killed	ordered:test_line_spec_every_engine
412	line/out-engine_data	cnot1	killed	ordered:test_line_spec_every_engine
413	line/out-engine_data	const0	killed	ordered:test_line_random
414	line/state	const1	killed	ordered:test_line_spec_xfer_crc_bit
415	line/state	const0	killed	ordered:test_line_spec_every_engine
416	line/state	cnot1	killed	ordered:test_line_spec_every_engine
417	line/state	cnot0	killed	ordered:test_line_spec_crc
418	line/state	inv	killed	ordered:test_line_spec_every_engine
419	line/state	const0	killed	ordered:test_line_spec_every_engine
420	line/state	const1	killed	ordered:test_line_spec_xfer_crc_bit
421	line/state	inv	killed	ordered:test_line_spec_every_engine
422	line/state	const0	killed	ordered:test_line_spec_every_engine
423	line/state	cnot1	killed	ordered:test_line_spec_every_engine
424	line/state	const0	killed	ordered:test_line_spec_every_engine
425	line/state	const1	killed	ordered:test_line_spec_every_engine
426	line/state	const1	killed	ordered:test_line_spec_every_engine
427	line/state	cnot1	killed	ordered:test_line_spec_every_engine
428	line/state	inv	killed	ordered:test_line_spec_every_engine
429	line/state	const1	killed	ordered:test_line_spec_every_engine
430	line/state	const1	killed	ordered:test_line_spec_every_engine
431	line/state	const1	killed	ordered:test_line_spec_every_engine
432	line/state	cnot0	killed	ordered:test_line_spec_every_engine
433	line/state	const1	killed	ordered:test_line_spec_every_engine
434	line/state	cnot0	killed	ordered:test_line_spec_every_engine
435	line/state	cnot0	killed	ordered:test_line_spec_every_engine
436	line/state	inv	killed	ordered:test_line_spec_every_engine
437	line/state	cnot0	killed	ordered:test_line_spec_every_engine
438	line/state	cnot1	killed	ordered:test_line_spec_every_engine
439	line/state	const0	killed	ordered:test_line_spec_every_engine
440	line/state	const1	killed	ordered:test_line_spec_xfer_crc_bit
441	line/state	const0	killed	ordered:test_line_spec_every_engine
442	line/state	const1	killed	ordered:test_line_spec_every_engine
443	line/state	const1	killed	ordered:test_line_spec_every_engine
444	line/state	inv	killed	ordered:test_line_spec_every_engine
445	line/state	cnot0	killed	ordered:test_line_spec_every_engine
446	line/state	cnot1	killed	ordered:test_line_spec_every_engine
447	line/state	const0	killed	ordered:test_line_spec_every_engine
448	line/state	const1	killed	ordered:test_line_spec_every_engine
449	line/state	const1	killed	ordered:test_line_spec_every_engine
450	line/state	cnot0	killed	ordered:test_line_spec_every_engine
451	line/state	cnot1	killed	ordered:test_line_spec_crc
452	line/state	cnot1	killed	ordered:test_line_spec_every_engine
453	line/out-engine_data	const1	killed	ordered:test_line_random
454	line/out-engine_data	cnot0	killed	ordered:test_line_spec_crc
455	line/out-engine_data	inv	killed	ordered:test_line_spec_crc
456	line/out-engine_data	const1	killed	ordered:test_line_random
457	line/out-engine_data	inv	killed	ordered:test_line_spec_lstat
458	line/out-engine_data	cnot1	killed	ordered:test_line_spec_lstat
459	line/out-engine_data	inv	killed	ordered:test_line_spec_every_engine
460	line/out-engine_data	cnot0	killed	ordered:test_line_spec_every_engine
461	line/out-engine_data	cnot1	killed	ordered:test_line_spec_registers
462	line/out-engine_data	inv	killed	ordered:test_line_spec_registers
463	line/out-engine_data	const1	killed	ordered:test_line_spec_registers
464	line/out-engine_data	const1	killed	ordered:test_line_spec_crc
465	line/out-engine_data	cnot0	killed	ordered:test_line_spec_crc
466	line/out-engine_data	const1	killed	ordered:test_line_spec_every_engine
467	line/out-engine_data	cnot1	killed	ordered:test_line_spec_registers
468	line/out-engine_data	cnot0	killed	ordered:test_line_spec_every_engine
469	line/out-engine_data	const1	killed	ordered:test_line_spec_every_engine
470	line/out-engine_data	inv	killed	ordered:test_line_spec_every_engine
471	line/out-engine_data	const0	killed	ordered:test_line_spec_every_engine
472	line/out-engine_data	inv	killed	ordered:test_line_spec_every_engine
473	line/out-engine_data	const1	killed	ordered:test_line_spec_every_engine
474	line/out-engine_data	cnot0	killed	ordered:test_line_spec_every_engine
475	line/state	cnot0	killed	ordered:test_line_random
476	line/state	const1	killed	ordered:test_line_random
477	line/state	cnot1	killed	ordered:test_line_spec_every_engine
478	line/state	inv	survived	
479	line/state	const1	survived	
480	line/state	const0	killed	ordered:test_line_spec_every_engine
481	line/state	const0	killed	ordered:test_line_spec_every_engine
482	line/state	cnot0	killed	ordered:test_line_random
483	line/state	const1	killed	ordered:test_line_random
484	line/state	cnot1	killed	ordered:test_line_spec_every_engine
485	line/state	const0	killed	ordered:test_line_spec_every_engine
486	line/state	const1	killed	ordered:test_line_spec_state_held
487	line/state	inv	killed	ordered:test_line_random
488	line/state	inv	killed	ordered:test_line_random
489	line/state	cnot1	killed	ordered:test_line_spec_every_engine
490	line/state	const0	killed	ordered:test_line_spec_every_engine
491	line/state	inv	killed	ordered:test_line_random
492	line/state	cnot1	killed	ordered:test_line_spec_every_engine
493	line/state	inv	killed	ordered:test_line_random
494	line/state	const1	killed	ordered:test_line_spec_every_engine
495	line/state	const1	killed	ordered:test_line_spec_every_engine
496	line/out-engine_data	cnot0	killed	ordered:test_line_random
497	line/out-engine_data	const0	killed	ordered:test_line_spec_every_engine
498	line/out-engine_data	const0	equivalent	equiv_induct
499	line/out-engine_data	inv	killed	ordered:test_line_random
500	line/out-engine_data	const0	killed	ordered:test_line_spec_every_engine
501	line/out-engine_data	cnot1	killed	ordered:test_line_spec_every_engine
502	line/out-engine_data	cnot0	killed	ordered:test_line_random
503	line/out-engine_data	cnot1	killed	ordered:test_line_random
504	line/out-engine_data	cnot0	killed	ordered:test_line_random
505	line/out-engine_data	inv	killed	ordered:test_line_random
506	line/out-engine_data	inv	killed	ordered:test_line_random
507	line/out-engine_data	inv	killed	ordered:test_line_unit
508	line/out-engine_data	const0	killed	ordered:test_line_unit
509	line/out-engine_data	const1	killed	ordered:test_line_unit
510	line/state	inv	killed	ordered:test_line_unit
511	line/state	cnot1	killed	ordered:test_line_unit
512	line/state	cnot1	killed	ordered:test_line_unit
513	line/state	cnot0	killed	ordered:test_line_unit
514	line/state	const1	killed	ordered:test_line_spec_xfer_crc_bit
515	line/state	cnot1	killed	ordered:test_line_unit
516	line/state	const1	killed	ordered:test_line_unit
517	line/state	cnot0	killed	ordered:test_line_unit
518	line/state	cnot1	killed	ordered:test_line_spec_state_held
519	line/state	cnot1	killed	ordered:test_line_demos
520	line/state	cnot1	killed	ordered:test_line_unit
521	line/state	cnot1	killed	ordered:test_line_unit
522	line/state	cnot1	killed	ordered:test_line_unit
523	line/state	inv	killed	ordered:test_line_unit
524	line/state	cnot1	killed	ordered:test_line_unit
525	line/state	cnot0	killed	ordered:test_line_unit
526	line/state	inv	killed	ordered:test_line_unit
527	line/state	cnot0	killed	ordered:test_line_unit
528	line/state	const0	killed	ordered:test_line_unit
529	line/state	cnot0	killed	ordered:test_line_unit
530	line/state	const1	killed	ordered:test_line_unit
531	line/state	const1	killed	ordered:test_line_unit
532	line/state	cnot1	killed	ordered:test_line_unit
533	line/state	cnot1	killed	ordered:test_line_unit
534	line/state	const1	killed	ordered:test_line_unit
535	line/state	const1	killed	ordered:test_line_spec_xfer_crc_bit
536	line/state	const1	killed	ordered:test_line_unit
537	line/state	inv	killed	ordered:test_line_unit
538	line/state	cnot0	killed	ordered:test_line_unit
539	line/state	inv	killed	ordered:test_line_unit
540	line/state	inv	killed	ordered:test_line_unit
541	line/state	cnot1	killed	ordered:test_line_unit
542	line/state	const1	killed	ordered:test_line_unit
543	line/state	cnot1	killed	ordered:test_line_unit
544	line/state	const0	killed	ordered:test_line_unit
545	line/state	const0	killed	ordered:test_line_unit
546	line/state	inv	killed	ordered:test_line_unit
547	line/out-engine_data	cnot0	killed	ordered:test_line_spec_registers
548	line/out-engine_data	cnot1	killed	ordered:test_line_demos
549	line/out-engine_data	cnot1	killed	ordered:test_line_demos
550	line/out-engine_data	cnot0	killed	ordered:test_line_spec_registers
551	line/out-engine_data	cnot1	killed	ordered:test_line_demos
552	line/out-engine_data	const0	killed	ordered:test_line_demos
553	line/out-engine_data	inv	killed	ordered:test_line_unit
554	line/out-engine_data	const1	killed	ordered:test_line_spec_registers
555	line/out-engine_data	cnot1	killed	ordered:test_line_spec_registers
556	line/out-engine_data	inv	killed	ordered:test_line_demos
557	line/out-engine_data	cnot1	killed	ordered:test_line_spec_crc
558	line/out-engine_data	cnot0	killed	ordered:test_line_demos
559	line/out-engine_data	const0	killed	ordered:test_line_spec_lstat
560	line/out-engine_data	inv	killed	ordered:test_line_unit
561	line/out-engine_data	inv	killed	ordered:test_line_unit
562	line/out-engine_data	cnot0	killed	ordered:test_line_unit
563	line/out-engine_data	const0	equivalent	equiv_induct
564	line/out-engine_data	cnot1	killed	ordered:test_line_spec_registers
565	line/out-engine_data	cnot1	killed	ordered:test_line_spec_registers
566	line/out-engine_data	cnot0	killed	ordered:test_line_unit
567	line/out-engine_data	inv	killed	ordered:test_line_unit
568	line/state	const1	killed	ordered:test_line_unit
569	line/state	inv	killed	ordered:test_line_unit
570	line/state	inv	killed	ordered:test_line_unit
571	line/state	const0	killed	ordered:test_line_unit
572	line/state	cnot0	survived	
573	line/state	inv	survived	
574	line/state	const1	killed	ordered:test_line_unit
575	line/state	const1	killed	ordered:test_line_unit
576	line/state	const0	killed	ordered:test_line_unit
577	line/state	inv	killed	ordered:test_line_spec_state_held
578	line/state	cnot1	killed	ordered:test_line_unit
579	line/state	const0	killed	ordered:test_line_unit
580	line/state	const0	killed	ordered:test_line_unit
581	line/state	inv	killed	ordered:test_line_unit
582	line/state	const0	killed	ordered:test_line_unit
583	line/state	inv	killed	ordered:test_line_unit
584	line/state	const0	killed	ordered:test_line_unit
585	line/state	const0	killed	ordered:test_line_unit
586	line/state	const0	equivalent	miter-abc-900s
587	line/state	inv	equivalent	miter-abc-900s
588	line/state	const1	equivalent	miter-abc-900s
589	line/state	cnot0	equivalent	miter-abc-900s
590	line/out-engine_data	cnot0	killed	ordered:test_line_spec_registers
591	line/out-engine_data	const0	killed	ordered:test_line_unit
592	line/out-engine_data	const1	killed	ordered:test_line_unit
593	line/out-engine_data	cnot1	killed	ordered:test_line_unit
594	line/out-engine_data	inv	killed	ordered:test_line_unit
595	line/out-engine_data	const0	killed	ordered:test_line_unit
596	line/out-engine_data	const1	killed	ordered:test_line_unit
597	line/out-engine_data	const1	killed	ordered:test_line_unit
598	line/out-engine_data	cnot0	killed	ordered:test_line_unit
599	line/out-engine_data	const1	killed	ordered:test_line_unit
600	line/out-engine_data	cnot0	killed	ordered:test_line_unit
601	line/state	cnot0	killed	ordered:test_line_spec_every_engine
602	line/state	const1	killed	ordered:test_line_spec_every_engine
603	line/state	cnot1	killed	ordered:test_line_spec_every_engine
604	line/state	const1	killed	ordered:test_line_spec_every_engine
605	line/state	cnot1	killed	ordered:test_line_spec_every_engine
606	line/state	const0	killed	ordered:test_line_spec_every_engine
607	line/state	cnot0	killed	ordered:test_line_spec_stuffing
608	line/state	cnot0	killed	ordered:test_line_spec_stuffing
609	line/state	inv	killed	ordered:test_line_spec_every_engine
610	line/state	cnot0	killed	ordered:test_line_spec_every_engine
611	line/state	const0	killed	ordered:test_line_spec_every_engine
612	line/state	cnot0	killed	ordered:test_line_spec_xfer_crc_bit
613	line/state	cnot1	killed	ordered:test_line_spec_every_engine
614	line/state	cnot0	killed	ordered:test_line_spec_stuffing
615	line/state	const1	killed	ordered:test_line_spec_every_engine
616	line/state	cnot0	killed	ordered:test_line_spec_every_engine
617	line/state	const0	killed	ordered:test_line_spec_every_engine
618	line/state	cnot0	killed	ordered:test_line_spec_every_engine
619	line/state	inv	killed	ordered:test_line_spec_every_engine
620	line/state	inv	killed	ordered:test_line_spec_every_engine
621	line/state	cnot1	killed	ordered:test_line_spec_xfer_crc_bit
622	line/state	cnot1	killed	ordered:test_line_spec_every_engine
623	line/state	const1	killed	ordered:test_line_spec_every_engine
624	line/state	const0	killed	ordered:test_line_spec_every_engine
625	line/state	cnot1	killed	ordered:test_line_spec_every_engine
626	line/state	const0	killed	ordered:test_line_spec_xfer_crc_bit
627	line/state	const1	killed	ordered:test_line_spec_every_engine
628	line/state	const1	killed	ordered:test_line_spec_every_engine
629	line/state	cnot0	killed	ordered:test_line_spec_every_engine
630	line/state	const1	killed	ordered:test_line_spec_every_engine
631	line/state	cnot0	killed	ordered:test_line_spec_crc
632	line/state	cnot1	killed	ordered:test_line_spec_every_engine
633	line/state	const1	killed	ordered:test_line_spec_every_engine
634	line/out-engine_data	const1	killed	ordered:test_line_spec_registers
635	line/out-engine_data	cnot1	killed	ordered:test_line_spec_registers
636	line/out-engine_data	const0	killed	ordered:test_line_spec_crc
637	line/out-engine_data	inv	killed	ordered:test_line_spec_crc
638	line/out-engine_data	const0	equivalent	equiv_induct
639	line/out-engine_data	const0	killed	ordered:test_line_spec_lstat
640	line/out-engine_data	cnot1	killed	ordered:test_line_spec_registers
641	line/out-engine_data	const1	killed	ordered:test_line_spec_lstat
642	line/out-engine_data	const1	killed	ordered:test_line_spec_every_engine
643	line/out-engine_data	cnot1	killed	ordered:test_line_spec_lstat
644	line/out-engine_data	cnot1	killed	ordered:test_line_spec_registers
645	line/out-engine_data	cnot1	killed	ordered:test_line_spec_registers
646	line/out-engine_data	cnot0	killed	ordered:test_line_spec_registers
647	line/out-engine_data	inv	killed	ordered:test_line_spec_crc
648	line/out-engine_data	const0	killed	ordered:test_line_spec_crc
649	line/out-engine_data	const1	killed	ordered:test_line_spec_every_engine
650	line/out-engine_data	inv	killed	ordered:test_line_spec_every_engine
651	line/out-engine_data	cnot0	killed	ordered:test_line_spec_every_engine
652	line/out-engine_data	cnot0	killed	ordered:test_line_spec_every_engine
653	line/out-engine_data	cnot1	killed	ordered:test_line_spec_registers
654	line/out-engine_data	const0	killed	ordered:test_line_random
655	line/out-engine_data	const1	killed	ordered:test_line_random
656	line/out-engine_data	cnot0	killed	ordered:test_line_random
657	line/out-engine_data	cnot0	killed	ordered:test_line_random
658	line/out-engine_data	cnot1	killed	ordered:test_line_random
659	line/out-engine_data	inv	killed	ordered:test_line_random
660	line/out-engine_data	inv	killed	ordered:test_line_random
661	line/out-engine_data	inv	killed	ordered:test_line_spec_every_engine
662	line/out-engine_data	inv	killed	ordered:test_line_random
663	line/out-engine_data	inv	killed	ordered:test_line_spec_every_engine
664	line/out-engine_data	const0	killed	ordered:test_line_spec_every_engine
665	line/out-engine_data	const0	killed	ordered:test_line_spec_lstat
666	line/out-engine_data	const1	killed	ordered:test_line_spec_lstat
667	line/out-engine_data	cnot1	killed	ordered:test_line_spec_every_engine
668	line/out-engine_data	cnot1	killed	ordered:test_line_spec_every_engine
669	line/state	const0	killed	ordered:test_line_spec_every_engine
670	line/state	const1	killed	ordered:test_line_spec_every_engine
671	line/state	const0	killed	ordered:test_line_spec_every_engine
672	line/state	cnot0	killed	ordered:test_line_spec_every_engine
673	line/state	cnot0	killed	ordered:test_line_spec_every_engine
674	line/state	cnot1	killed	ordered:test_line_spec_every_engine
675	line/state	const0	killed	ordered:test_line_spec_every_engine
676	line/state	const1	killed	ordered:test_line_spec_every_engine
677	line/state	const1	killed	ordered:test_line_spec_every_engine
678	line/state	inv	killed	ordered:test_line_spec_every_engine
679	line/state	inv	killed	ordered:test_line_spec_state_held
680	line/state	const0	equivalent	miter-abc-900s
681	line/state	const1	killed	ordered:test_line_demos
682	line/state	const0	killed	ordered:test_line_spec_every_engine
683	line/state	const1	killed	ordered:test_line_spec_every_engine
684	line/state	const1	killed	ordered:test_line_demos
685	line/state	inv	killed	ordered:test_line_demos
686	line/state	cnot0	killed	ordered:test_line_demos
687	line/state	const1	killed	ordered:test_line_spec_every_engine
688	line/state	const1	killed	ordered:test_line_demos
689	line/state	cnot0	killed	ordered:test_line_demos
690	line/state	inv	killed	ordered:test_line_demos
691	line/state	const0	killed	ordered:test_line_spec_every_engine
692	line/out-engine_data	inv	killed	ordered:test_line_spec_crc
693	line/out-engine_data	const1	killed	ordered:test_line_spec_crc
694	line/out-engine_data	const0	equivalent	equiv_induct
695	line/out-engine_data	inv	killed	ordered:test_line_spec_crc
696	line/out-engine_data	inv	killed	ordered:test_line_spec_crc
697	line/state	const0	killed	ordered:test_line_spec_lstat
698	line/state	const1	survived	
699	line/state	const0	killed	ordered:test_line_spec_every_engine
700	line/state	inv	killed	ordered:test_line_demos
701	line/state	const0	killed	ordered:test_line_random
702	line/state	const1	killed	ordered:test_line_random
703	line/state	const1	killed	ordered:test_line_spec_every_engine
704	line/state	const1	killed	ordered:test_line_spec_every_engine
705	line/state	const1	killed	ordered:test_line_spec_state_held
706	line/state	const1	killed	ordered:test_line_spec_every_engine
707	line/state	inv	killed	ordered:test_line_random
708	line/state	const0	killed	ordered:test_line_random
709	line/state	inv	killed	ordered:test_line_random
710	line/state	const1	killed	ordered:test_line_random
711	line/state	const0	killed	ordered:test_line_random
712	line/state	cnot1	killed	ordered:test_line_random
713	line/state	const0	killed	ordered:test_line_random
714	line/state	cnot0	killed	ordered:test_line_spec_bounded_wait
715	line/state	cnot0	survived	
716	line/state	cnot1	killed	ordered:test_line_random
717	line/state	const0	equivalent	miter-abc-900s
718	line/state	const1	killed	ordered:test_line_random
719	line/state	inv	killed	ordered:test_line_random
720	line/state	cnot0	killed	ordered:test_line_random
721	line/state	cnot1	killed	ordered:test_line_random
722	line/state	cnot0	killed	ordered:test_line_random
723	line/state	inv	killed	ordered:test_line_random
724	line/state	const0	survived	
725	line/state	cnot0	killed	ordered:test_line_random
726	line/state	cnot0	killed	ordered:test_line_random
727	line/state	inv	killed	ordered:test_line_random
728	line/state	inv	killed	ordered:test_line_random
729	line/state	const0	killed	ordered:test_line_random
730	line/state	cnot1	killed	ordered:test_line_random
731	line/state	const1	killed	ordered:test_line_random
732	line/state	cnot1	killed	ordered:test_line_random
733	line/state	const1	killed	ordered:test_line_random
734	line/state	const0	killed	ordered:test_line_random
735	line/state	inv	killed	ordered:test_line_spec_every_engine
736	line/state	const1	killed	ordered:test_line_random
737	line/state	inv	survived	
738	line/state	const1	survived	
739	line/state	const1	killed	ordered:test_line_random
740	line/state	const1	killed	ordered:test_line_random
741	line/state	const0	killed	ordered:test_line_random
742	line/state	inv	killed	ordered:test_line_random
743	line/state	const0	killed	ordered:test_line_random
744	line/state	cnot1	killed	ordered:test_line_random
745	line/state	const1	killed	ordered:test_line_random
746	line/state	cnot0	killed	ordered:test_line_random
747	line/state	const1	killed	ordered:test_line_spec_ticker
748	line/state	cnot0	killed	ordered:test_line_random
749	line/state	cnot0	killed	ordered:test_line_random
750	line/state	cnot1	survived	
751	line/state	const0	survived	
752	line/state	const0	killed	ordered:test_line_spec_state_held
753	line/state	cnot1	killed	ordered:test_line_random
754	line/state	const0	killed	ordered:test_line_random
755	line/state	const0	killed	ordered:test_line_random
756	line/state	inv	equivalent	miter-abc-900s
757	line/state	cnot1	survived	
758	line/state	cnot0	killed	ordered:test_line_spec_ticker
759	line/state	cnot1	survived	
760	line/state	const0	killed	ordered:test_line_random
761	line/state	cnot0	killed	ordered:test_line_random
762	line/state	const0	killed	ordered:test_line_random
763	line/state	cnot0	survived	
764	line/state	inv	killed	ordered:test_line_random
765	line/state	cnot0	killed	ordered:test_line_demos
766	line/state	inv	killed	ordered:test_line_random
767	line/state	const0	killed	ordered:test_line_random
768	line/state	const1	equivalent	miter-abc-900s
769	line/state	cnot1	survived	
770	line/state	inv	killed	ordered:test_line_spec_every_engine
771	line/state	cnot0	killed	ordered:test_line_spec_every_engine
772	line/state	const1	killed	ordered:test_line_spec_every_engine
773	line/state	inv	killed	ordered:test_line_spec_every_engine
774	line/state	const1	survived	
775	line/state	const0	killed	ordered:test_line_spec_lstat
776	line/state	inv	killed	ordered:test_line_spec_every_engine
777	line/state	const0	killed	ordered:test_line_spec_every_engine
778	line/state	cnot1	survived	
779	line/state	const0	survived	
780	line/out-engine_data	const0	killed	ordered:test_line_spec_lstat
781	line/out-engine_data	cnot0	killed	ordered:test_line_spec_lstat
782	line/out-engine_data	const1	killed	ordered:test_line_spec_lstat
783	line/out-engine_data	cnot1	killed	ordered:test_line_spec_lstat
784	line/out-engine_data	cnot1	killed	ordered:test_line_spec_registers
785	line/out-engine_data	inv	killed	ordered:test_line_spec_registers
786	line/state	inv	killed	ordered:test_line_random
787	line/state	const0	killed	ordered:test_line_spec_stuffing
788	line/state	const1	killed	ordered:test_line_random
789	line/state	inv	killed	ordered:test_line_spec_state_held
790	line/state	inv	killed	ordered:test_line_random
791	line/state	const0	killed	ordered:test_line_random
792	line/state	const1	killed	ordered:test_line_random
793	line/state	inv	killed	ordered:test_line_random
794	line/state	const0	killed	ordered:test_line_random
795	line/state	inv	killed	ordered:test_line_random
796	line/state	cnot1	killed	ordered:test_line_random
797	line/state	cnot1	killed	ordered:test_line_random
798	line/state	cnot1	killed	ordered:test_line_spec_state_held
799	line/state	const0	killed	ordered:test_line_spec_every_engine
800	line/state	const0	killed	ordered:test_line_random
801	line/state	inv	killed	ordered:test_line_random
802	line/state	const1	killed	ordered:test_line_random
803	line/state	cnot0	killed	ordered:test_line_random
804	line/state	inv	killed	ordered:test_line_spec_every_engine
805	line/state	const1	killed	ordered:test_line_spec_every_engine
806	line/state	const0	killed	ordered:test_line_spec_every_engine
807	line/state	const1	survived	
808	line/state	const1	killed	ordered:test_line_random
809	line/state	inv	killed	ordered:test_line_random
810	line/state	cnot0	killed	ordered:test_line_random
811	line/state	cnot0	killed	ordered:test_line_random
812	line/state	inv	killed	ordered:test_line_spec_state_held
813	line/state	inv	killed	ordered:test_line_spec_state_held
814	line/state	const0	killed	ordered:test_line_random
815	line/state	const0	killed	ordered:test_line_spec_every_engine
816	line/state	const0	killed	ordered:test_line_random
817	line/state	cnot0	killed	ordered:test_line_random
818	line/state	cnot0	killed	ordered:test_line_random
819	line/state	inv	killed	ordered:test_line_random
820	line/state	cnot1	killed	ordered:test_line_random
821	line/state	cnot1	killed	ordered:test_line_random
822	line/state	inv	killed	ordered:test_line_random
823	line/state	cnot1	killed	ordered:test_line_random
824	line/state	cnot1	equivalent	miter-abc-900s
825	line/state	const0	killed	ordered:test_line_random
826	line/state	const1	killed	ordered:test_line_random
827	line/state	cnot0	killed	ordered:test_line_random
828	line/state	const0	killed	ordered:test_line_random
829	line/state	const1	killed	ordered:test_line_random
830	line/state	inv	killed	ordered:test_line_random
831	line/state	const1	killed	ordered:test_line_random
832	line/state	const1	killed	ordered:test_line_random
833	line/state	const0	killed	ordered:test_line_random
834	line/state	inv	killed	ordered:test_line_random
835	line/state	const0	killed	ordered:test_line_random
836	line/state	const0	killed	ordered:test_line_random
837	line/state	cnot1	killed	ordered:test_line_random
838	line/state	inv	killed	ordered:test_line_random
839	line/state	inv	equivalent	miter-abc-900s
840	line/state	inv	equivalent	miter-abc-900s
841	line/state	cnot1	equivalent	miter-abc-900s
842	line/state	const0	killed	ordered:test_line_random
843	line/state	cnot1	killed	ordered:test_line_random
844	line/state	const1	killed	ordered:test_line_random
845	line/state	inv	killed	ordered:test_line_random
846	line/state	inv	killed	ordered:test_line_random
847	line/state	const1	killed	ordered:test_line_random
848	line/state	const1	killed	ordered:test_line_random
849	line/out-engine_xfer	const0	killed	ordered:test_line_spec_every_engine
850	line/out-engine_xfer	const1	killed	ordered:test_line_random
851	line/state	const1	killed	ordered:test_line_random
852	line/state	cnot1	killed	ordered:test_line_spec_every_engine
853	line/state	const0	killed	ordered:test_line_spec_every_engine
854	line/state	cnot0	survived	
855	line/state	const0	survived	
856	line/state	inv	killed	ordered:test_line_spec_every_engine
857	line/state	cnot1	killed	ordered:test_line_spec_lstat
858	line/state	const1	killed	ordered:test_line_random
859	line/state	cnot1	killed	ordered:test_line_spec_every_engine
860	line/out-engine_data	const1	killed	ordered:test_line_spec_lstat
861	line/out-engine_data	cnot1	killed	ordered:test_line_spec_lstat
862	line/out-engine_data	cnot1	killed	ordered:test_line_random
863	line/out-engine_data	inv	killed	ordered:test_line_random
864	line/state	cnot0	killed	ordered:test_line_unit
865	line/state	const0	killed	ordered:test_line_unit
866	line/state	const1	killed	ordered:test_line_unit
867	line/state	const1	killed	ordered:test_line_unit
868	line/state	const0	survived	
869	line/state	const1	killed	ordered:test_line_unit
870	line/state	const0	killed	ordered:test_line_unit
871	line/state	cnot1	killed	ordered:test_line_unit
872	line/state	const1	killed	ordered:test_line_unit
873	line/state	inv	killed	ordered:test_line_unit
874	line/state	const0	equivalent	equiv_induct
875	line/state	const0	killed	ordered:test_line_unit
876	line/state	const0	killed	ordered:test_line_unit
877	line/state	inv	killed	ordered:test_line_unit
878	line/state	inv	killed	ordered:test_line_unit
879	line/state	inv	survived	
880	line/state	cnot1	killed	ordered:test_line_unit
881	line/state	cnot1	killed	ordered:test_line_unit
882	line/state	const1	killed	ordered:test_line_unit
883	line/state	cnot0	killed	ordered:test_line_unit
884	line/state	cnot1	killed	ordered:test_line_random
885	line/state	cnot0	killed	ordered:test_line_unit
886	line/state	cnot0	killed	ordered:test_line_unit
887	line/state	const0	killed	ordered:test_line_unit
888	line/state	const1	survived	
889	line/state	inv	killed	ordered:test_line_unit
890	line/state	inv	killed	ordered:test_line_demos
891	line/state	const0	killed	ordered:test_line_unit
892	line/state	const1	killed	ordered:test_line_unit
893	line/state	cnot0	equivalent	miter-abc-900s
894	line/state	const0	killed	ordered:test_line_unit
895	line/state	inv	killed	ordered:test_line_unit
896	line/state	inv	killed	ordered:test_line_unit
897	line/state	const0	killed	ordered:test_line_unit
898	line/state	inv	killed	ordered:test_line_unit
899	line/state	const1	killed	ordered:test_line_random
900	line/state	const0	killed	ordered:test_line_unit
901	line/state	const1	survived	
902	line/state	const0	killed	ordered:test_line_unit
903	line/state	cnot0	killed	ordered:test_line_unit
904	line/state	cnot1	killed	ordered:test_line_unit
905	line/state	cnot1	killed	ordered:test_line_random
906	line/state	cnot0	killed	ordered:test_line_unit
907	line/state	cnot1	survived	
908	line/state	const0	survived	
909	line/state	inv	killed	ordered:test_line_unit
910	line/state	cnot0	killed	ordered:test_line_unit
911	line/state	cnot0	killed	ordered:test_line_unit
912	line/state	const1	killed	ordered:test_line_random
913	line/state	cnot0	killed	ordered:test_line_unit
914	line/state	const0	survived	
915	line/state	const0	killed	ordered:test_line_unit
916	line/state	cnot1	killed	ordered:test_line_unit
917	line/state	const1	killed	ordered:test_line_demos
918	line/state	const1	killed	ordered:test_line_unit
919	line/state	const1	killed	ordered:test_line_unit
920	line/state	inv	killed	ordered:test_line_unit
921	line/state	const0	killed	ordered:test_line_unit
922	line/state	const1	killed	ordered:test_line_unit
923	line/state	inv	killed	ordered:test_line_unit
924	line/state	inv	killed	ordered:test_line_unit
925	line/state	const1	survived	
926	line/state	inv	killed	ordered:test_line_unit
927	line/state	cnot1	killed	ordered:test_line_spec_ticker
928	line/state	const1	killed	ordered:test_line_unit
929	line/state	cnot0	killed	ordered:test_line_unit
930	line/state	const0	killed	ordered:test_line_unit
931	line/state	const0	equivalent	miter-abc-900s
932	line/state	const1	killed	ordered:test_line_unit
933	line/out-engine_xfer	cnot0	killed	ordered:test_line_unit
934	line/out-engine_xfer	const0	killed	ordered:test_line_unit
935	line/state	const1	killed	ordered:test_line_unit
936	line/state	const1	killed	ordered:test_line_spec_lstat
937	line/state	inv	killed	ordered:test_line_unit
938	line/state	inv	killed	ordered:test_line_unit
939	line/state	inv	killed	ordered:test_line_unit
940	line/state	const1	killed	ordered:test_line_unit
941	line/out-engine_data	cnot0	killed	ordered:test_line_random
942	line/out-engine_data	inv	killed	ordered:test_line_random
943	line/out-engine_data	const1	killed	ordered:test_line_random
944	line/out-engine_data	cnot0	killed	ordered:test_line_random
945	line/out-engine_data	cnot0	killed	ordered:test_line_random
946	line/out-pins	const1	killed	ordered:test_line_random
947	line/out-pins	cnot0	killed	ordered:test_line_random
948	line/out-pins	const1	killed	ordered:test_line_spec_every_engine
949	line/out-pins	inv	killed	ordered:test_line_random
950	line/out-pins	inv	killed	ordered:test_line_random
951	line/state	const0	killed	ordered:test_line_random
952	line/state	const0	killed	ordered:test_line_random
953	line/state	inv	killed	ordered:test_line_random
954	line/state	const0	killed	ordered:test_line_spec_crc
955	line/state	const0	killed	ordered:test_line_random
956	line/state	const1	killed	ordered:test_line_random
957	line/state	cnot0	killed	ordered:test_line_random
958	line/state	const0	killed	ordered:test_line_random
959	line/state	inv	killed	ordered:test_line_random
960	line/state	cnot0	killed	ordered:test_line_random
961	line/state	inv	killed	ordered:test_line_random
962	line/state	const0	killed	ordered:test_line_spec_crc
963	line/state	inv	killed	ordered:test_line_random
964	line/state	const0	killed	ordered:test_line_spec_every_engine
965	line/state	const0	killed	ordered:test_line_spec_every_engine
966	line/state	const1	killed	ordered:test_line_spec_every_engine
967	line/state	inv	killed	ordered:test_line_spec_every_engine
968	line/state	const1	killed	ordered:test_line_spec_every_engine
969	line/state	cnot0	killed	ordered:test_line_spec_every_engine
970	line/state	const0	killed	ordered:test_line_spec_every_engine
971	line/state	const0	killed	ordered:test_line_spec_crc
972	line/state	cnot1	killed	ordered:test_line_spec_crc
973	line/state	cnot0	killed	ordered:test_line_spec_every_engine
974	line/state	inv	killed	ordered:test_line_unit
975	line/state	cnot1	killed	ordered:test_line_unit
976	line/state	cnot0	killed	ordered:test_line_unit
977	line/state	cnot1	killed	ordered:test_line_unit
978	line/state	const0	killed	ordered:test_line_unit
979	line/state	cnot0	killed	ordered:test_line_unit
980	line/state	inv	killed	ordered:test_line_unit
981	line/state	const1	killed	ordered:test_line_unit
982	line/state	cnot0	killed	ordered:test_line_unit
983	line/state	cnot1	killed	ordered:test_line_unit
984	line/state	const0	killed	ordered:test_line_unit
985	line/state	const0	killed	ordered:test_line_unit
986	line/state	const0	killed	ordered:test_line_unit
987	line/state	cnot1	killed	ordered:test_line_spec_crc
988	line/state	cnot1	killed	ordered:test_line_unit
989	line/state	const1	killed	ordered:test_line_spec_every_engine
990	line/state	const0	killed	ordered:test_line_spec_every_engine
991	line/state	cnot0	killed	ordered:test_line_spec_every_engine
992	line/state	cnot0	killed	ordered:test_line_spec_every_engine
993	line/state	cnot0	killed	ordered:test_line_spec_every_engine
994	line/state	inv	killed	ordered:test_line_spec_every_engine
995	line/state	const1	killed	ordered:test_line_spec_every_engine
996	line/state	cnot0	killed	ordered:test_line_spec_every_engine
997	line/state	cnot0	killed	ordered:test_line_spec_every_engine
998	line/state	cnot1	killed	ordered:test_line_spec_every_engine
999	line/state	const1	killed	ordered:test_line_spec_every_engine
1000	line/state	const1	killed	ordered:test_line_unit
