1	5
2	60
3	210
4	311
5	334
6	510
7	611
8	628
9	643
10	802
11	879
12	961
13	970
14	1027
15	1063
16	1097
17	1160
18	1176
19	1214
20	1299
21	1526
22	1571
23	1618
24	1916
25	2058
26	2072
27	2090
28	2275
29	2383
30	2603
31	2809
32	2813
33	2843
34	2844
35	2983
36	3067
37	3299
38	3336
39	3456
40	3529
41	3639
42	3727
43	3768
44	4037
45	4208
46	4371
47	4379
48	4448
49	4542
50	4557
51	4696
52	4723
53	4736
54	4862
55	4949
56	4973
57	4990
58	5173
59	5324
60	5327
61	5464
62	5659
63	5736
64	5962
65	6101
66	6104
67	6231
68	6313
69	6342
70	6365
71	6409
72	6430
73	6496
74	6503
75	6569
76	6821
77	6991
78	7196
79	7557
80	7594
81	8014
82	8015
83	8031
84	8034
85	8133
86	8241
87	8324
88	8337
89	8368
90	8404
91	8469
92	8482
93	8659
94	8845
95	8892
96	8907
97	9118
98	9153
99	9346
100	9362
101	9522
102	9846
103	9955
104	10023
105	10025
106	10080
107	10083
108	10095
109	10261
110	10432
111	10461
112	10508
113	10601
114	10675
115	10738
116	10796
117	10813
118	10856
119	11016
120	11056
121	11170
122	11190
123	11327
124	11690
125	11750
126	11784
127	11873
128	11998
129	12012
130	12317
131	12457
132	12505
133	12686
134	12709
135	12735
136	12884
137	12992
138	13048
139	13152
140	13156
141	13164
142	13187
143	13193
144	13315
145	13318
146	13480
147	13592
148	13609
149	13737
150	13789
151	13812
152	14033
153	14062
154	14308
155	14341
156	14386
157	14681
158	14715
159	14813
160	14918
161	15021
162	15125
163	15210
164	15419
165	15679
166	15745
167	15891
168	16028
169	16117
170	16287
171	16349
172	16356
173	16412
174	16521
175	16547
176	16587
177	16726
178	16738
179	16753
180	16764
181	16824
182	16912
183	17010
184	17017
185	17089
186	17118
187	17242
188	17300
189	17311
190	17363
191	17502
192	17556
193	17678
194	17708
195	17964
196	17999
197	18073
198	18141
199	18175
200	18275
201	18424
202	18507
203	18688
204	18787
205	18966
206	18981
207	19021
208	19022
209	19033
210	19045
211	19061
212	19251
213	19324
214	19410
215	19577
216	19620
217	19683
218	19797
219	19823
220	19828
221	19853
222	20050
223	20161
224	20204
225	20301
226	20340
227	20513
228	20594
229	20973
230	21049
231	21152
232	21216
233	21449
234	21502
235	21567
236	21790
237	21792
238	21859
239	21862
240	21958
241	21960
242	22030
243	22049
244	22216
245	22304
246	22355
247	22463
248	22526
249	22596
250	22678
251	22712
252	22719
253	22935
254	23110
255	23137
256	23272
257	23395
258	23651
259	23680
260	23751
261	23941
262	24002
263	24101
264	24389
265	24395
266	24642
267	24652
268	24688
269	24697
270	24750
271	24876
272	24950
273	24981
274	25014
275	25093
276	25204
277	25415
278	25493
279	25542
280	25590
281	25655
282	25932
283	26157
284	26196
285	26237
286	26363
287	26366
288	26391
289	26460
290	26606
291	26705
292	26927
293	26928
294	26934
295	27045
296	27419
297	27452
298	27482
299	27548
300	27579
301	27651
302	27735
303	27903
304	27906
305	28007
306	28403
307	28542
308	28646
309	28729
310	28762
311	28845
312	28947
313	28952
314	28955
315	28981
316	29071
317	29432
318	29519
319	29615
320	29761
321	29816
322	29856
323	29974
324	30041
325	30372
326	30393
327	30456
328	30539
329	30648
330	30748
331	30778
332	30837
333	31148
334	31161
335	31195
336	31324
337	31387
338	31492
339	31546
340	31568
341	31641
342	31777
343	31893
344	32091
345	32112
346	32361
347	32433
348	32476
349	32486
350	32488
351	32493
352	32498
353	32507
354	32850
355	32889
356	33281
357	33540
358	33606
359	33645
360	33746
361	33802
362	33907
363	33960
364	34049
365	34098
366	34117
367	34430
368	34479
369	34565
370	34595
371	34712
372	34713
373	34912
374	34921
375	34933
376	35027
377	35045
378	35152
379	35162
380	35366
381	35639
382	35679
383	35686
384	35862
385	35884
386	35951
387	36043
388	36173
389	36224
390	36268
391	36320
392	36641
393	36655
394	36738
395	36855
396	36903
397	37110
398	37168
399	37479
400	37530
401	37642
402	37713
403	37815
404	37866
405	37916
406	38282
407	38298
408	38617
409	38664
410	38671
411	38816
412	38900
413	39035
414	39106
415	39252
416	39449
417	39626
418	39652
419	39675
420	39791
421	39930
422	39960
423	40070
424	40370
425	40404
426	40476
427	40750
428	40831
429	40837
430	41141
431	41204
432	41247
433	41477
434	41534
435	41548
436	41628
437	41688
438	41703
439	41839
440	41879
441	42010
442	42029
443	42039
444	42246
445	42267
446	42452
447	42588
448	42618
449	42647
450	42648
451	42697
452	42864
453	43076
454	43325
455	43479
456	43526
457	43594
458	43633
459	43748
460	43874
461	43905
462	44025
463	44087
464	44156
465	44322
466	44436
467	44472
468	44491
469	44620
470	44656
471	44670
472	44771
473	44788
474	44809
475	44938
476	45255
477	45321
478	45374
479	45428
480	45465
481	45470
482	45497
483	45625
484	45699
485	45710
486	45776
487	45858
488	45989
489	46130
490	46154
491	46262
492	46266
493	46302
494	46314
495	46335
496	46681
497	46850
498	46939
499	46989
500	47030
501	47117
502	47153
503	47229
504	47248
505	47332
506	47386
507	47607
508	47731
509	47928
510	48344
511	48521
512	48526
513	48539
514	48804
515	48840
516	48924
517	49058
518	49079
519	49282
520	49461
521	49836
522	49879
523	49937
524	50090
525	50342
526	50404
527	50567
528	50632
529	50639
530	50673
531	50713
532	50755
533	50780
534	50869
535	50951
536	51004
537	51131
538	51183
539	51284
540	51417
541	51585
542	51612
543	51926
544	52025
545	52064
546	52073
547	52153
548	52164
549	52179
550	52193
551	52469
552	52510
553	52757
554	53027
555	53082
556	53112
557	53299
558	53337
559	53429
560	53498
561	53522
562	53635
563	53659
564	53699
565	53714
566	53753
567	53770
568	53890
569	53997
570	54078
571	54319
572	54448
573	54455
574	54485
575	54535
576	54578
577	54825
578	54912
579	55157
580	55237
581	55329
582	55330
583	55387
584	55433
585	55468
586	55590
587	55609
588	55611
589	55616
590	55868
591	55875
592	55908
593	55957
594	55997
595	56038
596	56103
597	56210
598	56216
599	56279
600	56315
601	56785
602	56789
603	56806
604	56869
605	56871
606	56947
607	56964
608	56979
609	57022
610	57090
611	57113
612	57376
613	57459
614	57657
615	57885
616	57916
617	58130
618	58242
619	58342
620	58430
621	58559
622	58678
623	58700
624	58832
625	59235
626	59517
627	59549
628	59611
629	59622
630	59966
631	60209
632	60419
633	60553
634	60711
635	60778
636	60818
637	60837
638	60866
639	61148
640	61171
641	61224
642	61283
643	61332
644	61375
645	61555
646	61603
647	61700
648	61850
649	62039
650	62042
651	62089
652	62206
653	62378
654	62610
655	62626
656	62662
657	62743
658	62794
659	62800
660	63024
661	63069
662	63291
663	63381
664	63427
665	63546
666	63614
667	63710
668	63775
669	64162
670	64293
671	64327
672	64514
673	64524
674	64555
675	64624
676	64671
677	64690
678	64693
679	64797
680	65002
681	65043
682	65051
683	65071
684	65172
685	65229
686	65280
687	65322
688	65359
689	65380
690	65445
691	65466
692	65820
693	65848
694	65876
695	65888
696	65892
697	66140
698	66297
699	66320
700	66337
701	66395
702	66446
703	66463
704	66499
705	66629
706	66675
707	66790
708	66827
709	66919
710	67171
711	67345
712	67400
713	67407
714	67454
715	67496
716	67671
717	68030
718	68163
719	68200
720	68299
721	68433
722	68437
723	68439
724	68483
725	68551
726	68565
727	68700
728	68842
729	68943
730	68951
731	69136
732	69147
733	69244
734	69265
735	69366
736	69409
737	69410
738	69412
739	69433
740	69541
741	69564
742	69569
743	69582
744	69700
745	69740
746	69761
747	69894
748	69909
749	69966
750	69975
751	69977
752	69987
753	70062
754	70483
755	70519
756	70580
757	70670
758	70730
759	70812
760	70899
761	70909
762	70965
763	71006
764	71162
765	71207
766	71440
767	71634
768	71656
769	71688
770	71819
771	71890
772	71894
773	71931
774	71973
775	72014
776	72028
777	72093
778	72120
779	72127
780	72474
781	72560
782	72620
783	72687
784	72765
785	72776
786	73102
787	73103
788	73129
789	73165
790	73331
791	73344
792	73363
793	73430
794	73510
795	73612
796	73869
797	74178
798	74228
799	74235
800	74274
801	74288
802	74293
803	74297
804	74353
805	74430
806	74432
807	74442
808	74712
809	74887
810	74895
811	74947
812	74964
813	75012
814	75070
815	75160
816	75170
817	75172
818	75299
819	75476
820	75510
821	75563
822	75662
823	75723
824	75780
825	75800
826	75811
827	75817
828	76060
829	76073
830	76143
831	76156
832	76261
833	76371
834	76423
835	76427
836	76496
837	76556
838	76739
839	76882
840	76887
841	76896
842	76946
843	77179
844	77204
845	77282
846	77306
847	77880
848	77972
849	78056
850	78088
851	78214
852	78258
853	78260
854	78303
855	78314
856	78367
857	78523
858	78531
859	78721
860	79051
861	79146
862	79393
863	79408
864	79479
865	79495
866	79634
867	79640
868	79648
869	79664
870	79669
871	80023
872	80079
873	80123
874	80440
875	80480
876	80524
877	80860
878	80872
879	80890
880	81016
881	81021
882	81144
883	81164
884	81204
885	81292
886	81324
887	81364
888	81476
889	81570
890	81624
891	81771
892	81869
893	81961
894	82015
895	82024
896	82077
897	82091
898	82120
899	82122
900	82136
901	82302
902	82316
903	82409
904	82413
905	82456
906	82491
907	82512
908	82527
909	82540
910	82560
911	82593
912	82661
913	82696
914	82703
915	82772
916	82775
917	82836
918	82993
919	83026
920	83118
921	83124
922	83150
923	83326
924	83488
925	83574
926	83633
927	83780
928	83820
929	83836
930	83943
931	84025
932	84072
933	84263
934	84266
935	84610
936	84633
937	84790
938	84903
939	85100
940	85165
941	85295
942	85306
943	85336
944	85568
945	85623
946	85766
947	85800
948	86193
949	86344
950	86391
951	86429
952	86444
953	86468
954	86552
955	86629
956	86787
957	86788
958	86821
959	86858
960	86924
961	87037
962	87256
963	87390
964	87403
965	87436
966	87520
967	87615
968	87836
969	87876
970	88048
971	88225
972	88243
973	88346
974	88383
975	88493
976	88502
977	88508
978	88515
979	88610
980	88612
981	88648
982	88654
983	88706
984	88708
985	88718
986	89096
987	89206
988	89317
989	89484
990	89527
991	89554
992	89684
993	89689
994	89696
995	89713
996	89934
997	90019
998	90289
999	90325
1000	90366
