1	6
2	28
3	48
4	74
5	99
6	133
7	184
8	211
9	215
10	224
11	228
12	291
13	418
14	479
15	492
16	561
17	691
18	765
19	777
20	781
21	809
22	822
23	871
24	902
25	910
26	923
27	968
28	978
29	1046
30	1050
31	1052
32	1059
33	1066
34	1117
35	1211
36	1216
37	1226
38	1227
39	1256
40	1285
41	1300
42	1316
43	1337
44	1346
45	1371
46	1387
47	1405
48	1448
49	1460
50	1464
51	1480
52	1554
53	1622
54	1683
55	1694
56	1730
57	1773
58	1797
59	1863
60	1963
61	1977
62	1979
63	1994
64	2074
65	2089
66	2145
67	2159
68	2173
69	2184
70	2187
71	2204
72	2249
73	2252
74	2262
75	2270
76	2302
77	2355
78	2378
79	2405
80	2502
81	2520
82	2521
83	2617
84	2722
85	2756
86	2772
87	2845
88	2849
89	2866
90	2870
91	2911
92	2968
93	3030
94	3037
95	3145
96	3181
97	3244
98	3267
99	3288
100	3301
101	3372
102	3385
103	3412
104	3515
105	3550
106	3588
107	3596
108	3612
109	3619
110	3668
111	3721
112	3754
113	3785
114	3804
115	3808
116	3854
117	3861
118	3905
119	3915
120	3932
121	3969
122	3994
123	4022
124	4091
125	4107
126	4116
127	4157
128	4179
129	4189
130	4212
131	4274
132	4312
133	4327
134	4357
135	4393
136	4405
137	4422
138	4444
139	4452
140	4455
141	4478
142	4555
143	4575
144	4579
145	4599
146	4624
147	4691
148	4694
149	4709
150	4792
151	4793
152	4848
153	4887
154	4915
155	4916
156	4931
157	4961
158	4967
159	4988
160	5069
161	5093
162	5114
163	5120
164	5158
165	5212
166	5238
167	5251
168	5282
169	5297
170	5422
171	5428
172	5430
173	5454
174	5480
175	5523
176	5525
177	5570
178	5575
179	5611
180	5638
181	5639
182	5720
183	5743
184	5819
185	5828
186	5854
187	5863
188	5865
189	5867
190	5886
191	5970
192	5999
193	6112
194	6168
195	6179
196	6211
197	6227
198	6235
199	6251
200	6257
201	6276
202	6283
203	6289
204	6296
205	6414
206	6424
207	6490
208	6525
209	6546
210	6612
211	6634
212	6693
213	6705
214	6760
215	6811
216	6995
217	7024
218	7031
219	7044
220	7073
221	7096
222	7111
223	7119
224	7158
225	7187
226	7198
227	7219
228	7221
229	7332
230	7393
231	7395
232	7434
233	7452
234	7456
235	7649
236	7695
237	7705
238	7800
239	7805
240	7808
241	7821
242	7828
243	7873
244	7900
245	7914
246	7931
247	7963
248	7991
249	8104
250	8123
251	8136
252	8151
253	8159
254	8177
255	8191
256	8276
257	8300
258	8323
259	8375
260	8393
261	8399
262	8424
263	8442
264	8488
265	8511
266	8524
267	8548
268	8553
269	8579
270	8635
271	8764
272	8782
273	8784
274	8789
275	8807
276	8882
277	8897
278	8924
279	9000
280	9033
281	9044
282	9047
283	9102
284	9151
285	9176
286	9240
287	9260
288	9270
289	9276
290	9309
291	9313
292	9384
293	9410
294	9411
295	9512
296	9554
297	9572
298	9577
299	9588
300	9592
301	9594
302	9746
303	9797
304	9802
305	9827
306	9843
307	9853
308	9885
309	9905
310	9906
311	9948
312	9960
313	9980
314	9983
315	10015
316	10027
317	10041
318	10050
319	10052
320	10054
321	10154
322	10213
323	10242
324	10245
325	10274
326	10355
327	10364
328	10387
329	10393
330	10408
331	10449
332	10480
333	10520
334	10524
335	10578
336	10658
337	10683
338	10698
339	10777
340	10803
341	10812
342	10827
343	10854
344	10895
345	10897
346	10901
347	10932
348	10948
349	10952
350	10954
351	10962
352	10974
353	10980
354	11009
355	11018
356	11079
357	11109
358	11141
359	11146
360	11191
361	11207
362	11237
363	11264
364	11296
365	11367
366	11369
367	11374
368	11393
369	11399
370	11421
371	11441
372	11447
373	11568
374	11589
375	11609
376	11666
377	11675
378	11693
379	11748
380	11777
381	11790
382	11793
383	11816
384	11825
385	11853
386	11866
387	11886
388	11907
389	11912
390	11948
391	11982
392	11999
393	12029
394	12072
395	12143
396	12178
397	12245
398	12250
399	12290
400	12291
401	12358
402	12374
403	12379
404	12409
405	12432
406	12448
407	12466
408	12502
409	12523
410	12528
411	12569
412	12610
413	12649
414	12675
415	12775
416	12785
417	12789
418	12800
419	12819
420	12836
421	12916
422	12976
423	12983
424	12989
425	13019
426	13022
427	13054
428	13060
429	13062
430	13068
431	13108
432	13110
433	13111
434	13151
435	13165
436	13175
437	13212
438	13254
439	13325
440	13344
441	13346
442	13350
443	13396
444	13409
445	13485
446	13493
447	13601
448	13645
449	13662
450	13714
451	13784
452	13787
453	13806
454	13810
455	13827
456	13830
457	13894
458	13936
459	14031
460	14073
461	14113
462	14121
463	14123
464	14142
465	14157
466	14172
467	14173
468	14203
469	14258
470	14267
471	14301
472	14302
473	14345
474	14378
475	14418
476	14455
477	14509
478	14550
479	14619
480	14659
481	14744
482	14774
483	14839
484	14844
485	14924
486	14966
487	14972
488	14982
489	15037
490	15039
491	15058
492	15121
493	15151
494	15214
495	15242
496	15291
497	15309
498	15323
499	15348
500	15368
501	15400
502	15470
503	15493
504	15527
505	15561
506	15568
507	15655
508	15794
509	15863
510	15872
511	15890
512	15905
513	15951
514	15970
515	15984
516	16013
517	16043
518	16126
519	16131
520	16136
521	16172
522	16173
523	16192
524	16196
525	16215
526	16251
527	16258
528	16267
529	16291
530	16302
531	16316
532	16344
533	16365
534	16397
535	16428
536	16458
537	16461
538	16464
539	16496
540	16519
541	16524
542	16589
543	16590
544	16628
545	16660
546	16680
547	16694
548	16751
549	16767
550	16883
551	16933
552	16940
553	16950
554	16968
555	16982
556	16987
557	17005
558	17042
559	17074
560	17092
561	17094
562	17102
563	17115
564	17126
565	17131
566	17189
567	17240
568	17255
569	17256
570	17285
571	17302
572	17303
573	17374
574	17411
575	17419
576	17461
577	17513
578	17536
579	17567
580	17612
581	17763
582	17766
583	17804
584	17826
585	17881
586	17923
587	17968
588	17978
589	17982
590	18000
591	18008
592	18018
593	18022
594	18029
595	18033
596	18044
597	18053
598	18063
599	18071
600	18160
601	18256
602	18288
603	18312
604	18317
605	18338
606	18358
607	18368
608	18369
609	18392
610	18397
611	18398
612	18415
613	18442
614	18448
615	18456
616	18472
617	18482
618	18495
619	18524
620	18525
621	18552
622	18581
623	18697
624	18720
625	18737
626	18758
627	18779
628	18786
629	18801
630	18807
631	18812
632	18820
633	18835
634	18856
635	18930
636	19043
637	19057
638	19074
639	19105
640	19175
641	19193
642	19203
643	19230
644	19274
645	19293
646	19301
647	19321
648	19452
649	19457
650	19474
651	19479
652	19481
653	19535
654	19570
655	19587
656	19593
657	19595
658	19648
659	19696
660	19709
661	19714
662	19733
663	19734
664	19863
665	19916
666	20032
667	20056
668	20060
669	20072
670	20114
671	20142
672	20162
673	20168
674	20205
675	20216
676	20309
677	20335
678	20348
679	20357
680	20373
681	20384
682	20415
683	20455
684	20465
685	20466
686	20475
687	20495
688	20504
689	20538
690	20548
691	20583
692	20584
693	20603
694	20617
695	20711
696	20741
697	20751
698	20765
699	20770
700	20793
701	20823
702	20840
703	20878
704	20912
705	20925
706	21017
707	21129
708	21149
709	21192
710	21225
711	21256
712	21303
713	21310
714	21349
715	21380
716	21420
717	21429
718	21471
719	21548
720	21565
721	21669
722	21728
723	21799
724	21883
725	21900
726	21917
727	21923
728	21926
729	21944
730	22002
731	22017
732	22037
733	22047
734	22094
735	22104
736	22107
737	22128
738	22236
739	22241
740	22254
741	22327
742	22353
743	22360
744	22378
745	22437
746	22547
747	22548
748	22552
749	22559
750	22560
751	22580
752	22589
753	22614
754	22624
755	22642
756	22673
757	22730
758	22739
759	22776
760	22806
761	22850
762	22886
763	22900
764	22902
765	22936
766	22961
767	23034
768	23044
769	23097
770	23112
771	23116
772	23120
773	23168
774	23178
775	23228
776	23231
777	23251
778	23254
779	23304
780	23307
781	23456
782	23469
783	23487
784	23609
785	23614
786	23624
787	23736
788	23761
789	23777
790	23827
791	23829
792	23877
793	23891
794	23930
795	23943
796	23951
797	23960
798	24053
799	24091
800	24096
801	24107
802	24130
803	24136
804	24140
805	24229
806	24262
807	24310
808	24363
809	24372
810	24440
811	24457
812	24463
813	24472
814	24496
815	24503
816	24512
817	24523
818	24537
819	24540
820	24613
821	24670
822	24709
823	24727
824	24749
825	24761
826	24772
827	24782
828	24789
829	24811
830	24822
831	24830
832	24862
833	24993
834	25033
835	25034
836	25043
837	25052
838	25060
839	25085
840	25107
841	25259
842	25329
843	25400
844	25446
845	25544
846	25572
847	25687
848	25691
849	25728
850	25729
851	25772
852	25789
853	25840
854	25888
855	25937
856	25947
857	25954
858	25982
859	26091
860	26096
861	26102
862	26105
863	26106
864	26136
865	26177
866	26233
867	26258
868	26303
869	26343
870	26345
871	26364
872	26378
873	26390
874	26414
875	26467
876	26479
877	26525
878	26527
879	26541
880	26542
881	26548
882	26601
883	26602
884	26612
885	26616
886	26627
887	26646
888	26657
889	26663
890	26689
891	26700
892	26721
893	26740
894	26759
895	26787
896	26864
897	26884
898	26909
899	26939
900	26960
901	26979
902	26994
903	27060
904	27089
905	27164
906	27220
907	27240
908	27246
909	27259
910	27260
911	27311
912	27316
913	27329
914	27337
915	27349
916	27379
917	27510
918	27603
919	27611
920	27632
921	27682
922	27724
923	27765
924	27775
925	27799
926	27809
927	27853
928	27883
929	27901
930	27908
931	27925
932	27945
933	28026
934	28068
935	28075
936	28099
937	28114
938	28233
939	28236
940	28239
941	28243
942	28261
943	28314
944	28351
945	28397
946	28404
947	28452
948	28489
949	28552
950	28559
951	28563
952	28564
953	28587
954	28658
955	28672
956	28720
957	28830
958	28894
959	28929
960	28939
961	28999
962	29053
963	29092
964	29170
965	29173
966	29218
967	29226
968	29229
969	29264
970	29273
971	29300
972	29347
973	29411
974	29435
975	29443
976	29506
977	29522
978	29560
979	29584
980	29610
981	29624
982	29654
983	29686
984	29699
985	29714
986	29738
987	29747
988	29763
989	29767
990	29769
991	29819
992	29833
993	29879
994	29904
995	29934
996	29992
997	30035
998	30040
999	30077
1000	30102
1001	30115
1002	30130
1003	30143
1004	30232
1005	30267
1006	30304
1007	30336
1008	30366
1009	30384
1010	30413
1011	30416
1012	30436
1013	30466
1014	30528
1015	30579
1016	30585
1017	30598
1018	30603
1019	30607
1020	30723
1021	30726
1022	30741
1023	30747
1024	30796
1025	30842
1026	30851
1027	30887
1028	30891
1029	30956
1030	31002
1031	31019
1032	31024
1033	31025
1034	31033
1035	31034
1036	31039
1037	31102
1038	31126
1039	31135
1040	31153
1041	31167
1042	31185
1043	31203
1044	31213
1045	31238
1046	31245
1047	31277
1048	31283
1049	31287
1050	31292
1051	31408
1052	31426
1053	31476
1054	31530
1055	31608
1056	31610
1057	31645
1058	31662
1059	31681
1060	31687
1061	31732
1062	31755
1063	31832
1064	31918
1065	31920
1066	31947
1067	31965
1068	31985
1069	32020
1070	32098
1071	32133
1072	32218
1073	32260
1074	32305
1075	32352
1076	32354
1077	32406
1078	32428
1079	32484
1080	32563
1081	32606
1082	32771
1083	32787
1084	32797
1085	32882
1086	32916
1087	32946
1088	32995
1089	33004
1090	33011
1091	33026
1092	33045
1093	33070
1094	33083
1095	33111
1096	33129
1097	33167
1098	33180
1099	33182
1100	33184
1101	33204
1102	33242
1103	33269
1104	33292
1105	33323
1106	33380
1107	33425
1108	33482
1109	33493
1110	33496
1111	33521
1112	33720
1113	33757
1114	33770
1115	33825
1116	33923
1117	33950
1118	33973
1119	33989
1120	34058
1121	34136
1122	34153
1123	34154
1124	34155
1125	34157
1126	34161
1127	34177
1128	34207
1129	34249
1130	34319
1131	34342
1132	34361
1133	34425
1134	34475
1135	34488
1136	34522
1137	34563
1138	34569
1139	34583
1140	34586
1141	34637
1142	34670
1143	34709
1144	34725
1145	34744
1146	34760
1147	34797
1148	34801
1149	34832
1150	34845
1151	34910
1152	34943
1153	34944
1154	34960
1155	35006
1156	35026
1157	35077
1158	35079
1159	35118
1160	35159
1161	35212
1162	35220
1163	35227
1164	35280
1165	35283
1166	35291
1167	35314
1168	35321
1169	35365
1170	35394
1171	35441
1172	35468
1173	35503
1174	35505
1175	35507
1176	35534
1177	35538
1178	35548
1179	35582
1180	35596
1181	35695
1182	35726
1183	35736
1184	35744
1185	35750
1186	35752
1187	35854
1188	35878
1189	35903
1190	35929
1191	35943
1192	36009
1193	36030
1194	36037
1195	36045
1196	36047
1197	36097
1198	36116
1199	36129
1200	36163
1201	36249
1202	36310
1203	36330
1204	36356
1205	36393
1206	36439
1207	36443
1208	36444
1209	36447
1210	36450
1211	36482
1212	36493
1213	36510
1214	36561
1215	36635
1216	36652
1217	36658
1218	36684
1219	36689
1220	36703
1221	36725
1222	36745
1223	36761
1224	36830
1225	36912
1226	36982
1227	36988
1228	36990
1229	36998
1230	37002
1231	37040
1232	37064
1233	37076
1234	37105
1235	37107
1236	37149
1237	37195
1238	37196
1239	37197
1240	37233
1241	37289
1242	37343
1243	37352
1244	37378
1245	37438
1246	37442
1247	37508
1248	37520
1249	37523
1250	37535
1251	37561
1252	37582
1253	37598
1254	37657
1255	37674
1256	37692
1257	37780
1258	37789
1259	37791
1260	37793
1261	37801
1262	37897
1263	37926
1264	37991
1265	38017
1266	38019
1267	38074
1268	38116
1269	38121
1270	38128
1271	38180
1272	38214
1273	38279
1274	38318
1275	38348
1276	38373
1277	38416
1278	38602
1279	38637
1280	38652
1281	38689
1282	38705
1283	38761
1284	38770
1285	38857
1286	38874
1287	39056
1288	39061
1289	39070
1290	39143
1291	39178
1292	39230
1293	39254
1294	39263
1295	39267
1296	39297
1297	39349
1298	39402
1299	39425
1300	39428
1301	39437
1302	39465
1303	39502
1304	39513
1305	39534
1306	39539
1307	39603
1308	39614
1309	39616
1310	39632
1311	39684
1312	39700
1313	39716
1314	39732
1315	39742
1316	39746
1317	39790
1318	39797
1319	39844
1320	39917
1321	39947
1322	39965
1323	39998
1324	40061
1325	40075
1326	40157
1327	40162
1328	40190
1329	40200
1330	40220
1331	40240
1332	40312
1333	40337
1334	40363
1335	40383
1336	40442
1337	40508
1338	40560
1339	40589
1340	40601
1341	40606
1342	40635
1343	40659
1344	40721
1345	40732
1346	40749
1347	40756
1348	40773
1349	40809
1350	40856
1351	40935
1352	40959
1353	40973
1354	40983
1355	41001
1356	41036
1357	41158
1358	41177
1359	41184
1360	41303
1361	41316
1362	41320
1363	41396
1364	41401
1365	41415
1366	41457
1367	41466
1368	41468
1369	41479
1370	41558
1371	41578
1372	41592
1373	41593
1374	41595
1375	41620
1376	41624
1377	41667
1378	41676
1379	41686
1380	41713
1381	41727
1382	41770
1383	41782
1384	41809
1385	41811
1386	41843
1387	41948
1388	41963
1389	41964
1390	41976
1391	42008
1392	42090
1393	42101
1394	42140
1395	42151
1396	42203
1397	42215
1398	42241
1399	42254
1400	42258
1401	42259
1402	42262
1403	42393
1404	42482
1405	42507
1406	42563
1407	42674
1408	42795
1409	42799
1410	42814
1411	42823
1412	42846
1413	42847
1414	42862
1415	42874
1416	42910
1417	42947
1418	42961
1419	42975
1420	42986
1421	42989
1422	43009
1423	43058
1424	43059
1425	43072
1426	43095
1427	43134
1428	43304
1429	43306
1430	43308
1431	43317
1432	43320
1433	43340
1434	43362
1435	43489
1436	43503
1437	43506
1438	43510
1439	43547
1440	43549
1441	43556
1442	43587
1443	43600
1444	43639
1445	43662
1446	43697
1447	43726
1448	43761
1449	43808
1450	43818
1451	43828
1452	43835
1453	43836
1454	43892
1455	43912
1456	43916
1457	43942
1458	43944
1459	43945
1460	44014
1461	44015
1462	44074
1463	44077
1464	44090
1465	44097
1466	44106
1467	44210
1468	44236
1469	44245
1470	44248
1471	44346
1472	44405
1473	44422
1474	44562
1475	44623
1476	44691
1477	44695
1478	44705
1479	44738
1480	44739
1481	44816
1482	44824
1483	44825
1484	44842
1485	44948
1486	44954
1487	44967
1488	44981
1489	45038
1490	45040
1491	45058
1492	45063
1493	45103
1494	45142
1495	45197
1496	45218
1497	45236
1498	45237
1499	45240
1500	45257
1501	45259
1502	45304
1503	45354
1504	45399
1505	45418
1506	45459
1507	45460
1508	45472
1509	45504
1510	45518
1511	45548
1512	45566
1513	45599
1514	45657
1515	45705
1516	45706
1517	45720
1518	45756
1519	45774
1520	45891
1521	45919
1522	45939
1523	45960
1524	45973
1525	46000
1526	46019
1527	46028
1528	46061
1529	46090
1530	46111
1531	46144
1532	46152
1533	46241
1534	46366
1535	46407
1536	46418
1537	46420
1538	46427
1539	46486
1540	46520
1541	46577
1542	46605
1543	46622
1544	46628
1545	46654
1546	46661
1547	46696
1548	46746
1549	46827
1550	46837
1551	46874
1552	46952
1553	46961
1554	46981
1555	46997
1556	47037
1557	47105
1558	47106
1559	47109
1560	47116
1561	47140
1562	47194
1563	47208
1564	47214
1565	47217
1566	47237
1567	47259
1568	47262
1569	47322
1570	47326
1571	47335
1572	47359
1573	47362
1574	47425
1575	47502
1576	47509
1577	47564
1578	47591
1579	47623
1580	47668
1581	47692
1582	47706
1583	47713
1584	47718
1585	47732
1586	47743
1587	47753
1588	47754
1589	47807
1590	47867
1591	47870
1592	47883
1593	47887
1594	47897
1595	47899
1596	47906
1597	47939
1598	47986
1599	48001
1600	48036
1601	48057
1602	48072
1603	48132
1604	48139
1605	48155
1606	48159
1607	48164
1608	48173
1609	48188
1610	48216
1611	48220
1612	48319
1613	48326
1614	48329
1615	48363
1616	48414
1617	48454
1618	48468
1619	48495
1620	48552
1621	48635
1622	48945
1623	48978
1624	49021
1625	49060
1626	49062
1627	49063
1628	49069
1629	49103
1630	49134
1631	49185
1632	49195
1633	49236
1634	49248
1635	49294
1636	49332
1637	49334
1638	49338
1639	49357
1640	49380
1641	49409
1642	49436
1643	49468
1644	49489
1645	49499
1646	49531
1647	49549
1648	49580
1649	49606
1650	49655
1651	49671
1652	49714
1653	49720
1654	49754
1655	49770
1656	49778
1657	49827
1658	49830
1659	49854
1660	49957
1661	50040
1662	50060
1663	50074
1664	50115
1665	50123
1666	50140
1667	50165
1668	50191
1669	50225
1670	50289
1671	50340
1672	50343
1673	50352
1674	50355
1675	50402
1676	50418
1677	50428
1678	50438
1679	50460
1680	50487
1681	50537
1682	50545
1683	50566
1684	50591
1685	50641
1686	50643
1687	50652
1688	50668
1689	50744
1690	50815
1691	50877
1692	50903
1693	50933
1694	50948
1695	50952
1696	50981
1697	51033
1698	51036
1699	51084
1700	51086
1701	51099
1702	51117
1703	51122
1704	51128
1705	51139
1706	51294
1707	51299
1708	51341
1709	51397
1710	51422
1711	51443
1712	51511
1713	51517
1714	51523
1715	51593
1716	51734
1717	51753
1718	51754
1719	51792
1720	51879
1721	51942
1722	51943
1723	51944
1724	51992
1725	52046
1726	52057
1727	52155
1728	52163
1729	52172
1730	52206
1731	52222
1732	52230
1733	52231
1734	52354
1735	52400
1736	52401
1737	52405
1738	52410
1739	52424
1740	52430
1741	52443
1742	52488
1743	52535
1744	52538
1745	52567
1746	52568
1747	52675
1748	52676
1749	52744
1750	52771
1751	52777
1752	52822
1753	52859
1754	52860
1755	52863
1756	52916
1757	52920
1758	53063
1759	53081
1760	53166
1761	53173
1762	53234
1763	53304
1764	53308
1765	53309
1766	53338
1767	53396
1768	53445
1769	53458
1770	53460
1771	53484
1772	53559
1773	53585
1774	53592
1775	53596
1776	53639
1777	53717
1778	53769
1779	53772
1780	53829
1781	53847
1782	53886
1783	53906
1784	53952
1785	53973
1786	54053
1787	54070
1788	54180
1789	54205
1790	54244
1791	54249
1792	54252
1793	54328
1794	54338
1795	54363
1796	54475
1797	54510
1798	54541
1799	54547
1800	54574
1801	54580
1802	54634
1803	54650
1804	54674
1805	54684
1806	54743
1807	54755
1808	54786
1809	54797
1810	54832
1811	54843
1812	54861
1813	54880
1814	54889
1815	54897
1816	54928
1817	54954
1818	54958
1819	54963
1820	54966
1821	54975
1822	54986
1823	54994
1824	55014
1825	55114
1826	55195
1827	55229
1828	55301
1829	55333
1830	55404
1831	55454
1832	55520
1833	55587
1834	55615
1835	55653
1836	55659
1837	55661
1838	55719
1839	55736
1840	55754
1841	55780
1842	55788
1843	55796
1844	55800
1845	55829
1846	55867
1847	55895
1848	55898
1849	55915
1850	55998
1851	56029
1852	56062
1853	56066
1854	56071
1855	56091
1856	56141
1857	56181
1858	56191
1859	56192
1860	56203
1861	56218
1862	56276
1863	56280
1864	56342
1865	56344
1866	56360
1867	56385
1868	56395
1869	56436
1870	56449
1871	56455
1872	56498
1873	56530
1874	56570
1875	56686
1876	56701
1877	56744
1878	56756
1879	56768
1880	56779
1881	56793
1882	56843
1883	56846
1884	56849
1885	56853
1886	56894
1887	56902
1888	56903
1889	56912
1890	56913
1891	56950
1892	56967
1893	57012
1894	57077
1895	57082
1896	57085
1897	57136
1898	57141
1899	57153
1900	57155
1901	57190
1902	57206
1903	57214
1904	57215
1905	57220
1906	57429
1907	57430
1908	57434
1909	57436
1910	57470
1911	57480
1912	57510
1913	57522
1914	57524
1915	57571
1916	57707
1917	57735
1918	57744
1919	57747
1920	57794
1921	57803
1922	57871
1923	57909
1924	57917
1925	57922
1926	58065
1927	58113
1928	58126
1929	58168
1930	58176
1931	58190
1932	58203
1933	58204
1934	58218
1935	58235
1936	58251
1937	58270
1938	58288
1939	58329
1940	58371
1941	58374
1942	58439
1943	58444
1944	58461
1945	58478
1946	58491
1947	58555
1948	58581
1949	58625
1950	58630
1951	58649
1952	58713
1953	58744
1954	58754
1955	58756
1956	58815
1957	58836
1958	58852
1959	58854
1960	58899
1961	58908
1962	58962
1963	58968
1964	58983
1965	59032
1966	59097
1967	59117
1968	59133
1969	59180
1970	59201
1971	59212
1972	59224
1973	59227
1974	59257
1975	59267
1976	59277
1977	59343
1978	59426
1979	59487
1980	59505
1981	59558
1982	59560
1983	59617
1984	59632
1985	59640
1986	59748
1987	59750
1988	59752
1989	59785
1990	59806
1991	59877
1992	59881
1993	59901
1994	59974
1995	59978
1996	60031
1997	60039
1998	60047
1999	60051
2000	60108
2001	60111
2002	60185
2003	60217
2004	60236
2005	60279
2006	60286
2007	60306
2008	60314
2009	60316
2010	60358
2011	60367
2012	60425
2013	60438
2014	60460
2015	60462
2016	60504
2017	60507
2018	60509
2019	60512
2020	60579
2021	60662
2022	60667
2023	60677
2024	60683
2025	60704
2026	60719
2027	60806
2028	60889
2029	60895
2030	60932
2031	60988
2032	60991
2033	60997
2034	60999
2035	61046
2036	61050
2037	61112
2038	61113
2039	61115
2040	61120
2041	61129
2042	61229
2043	61356
2044	61362
2045	61429
2046	61447
2047	61465
2048	61508
2049	61558
2050	61589
2051	61590
2052	61634
2053	61702
2054	61709
2055	61767
2056	61772
2057	61787
2058	61793
2059	61835
2060	61864
2061	61865
2062	61957
2063	61961
2064	61972
2065	62034
2066	62083
2067	62150
2068	62163
2069	62179
2070	62292
2071	62344
2072	62361
2073	62363
2074	62372
2075	62411
2076	62429
2077	62542
2078	62549
2079	62554
2080	62585
2081	62604
2082	62638
2083	62699
2084	62723
2085	62771
2086	62790
2087	62815
2088	62870
2089	62871
2090	62924
2091	62938
2092	62952
2093	62964
2094	63022
2095	63048
2096	63112
2097	63136
2098	63161
2099	63200
2100	63211
2101	63284
2102	63304
2103	63312
2104	63352
2105	63391
2106	63497
2107	63508
2108	63560
2109	63611
2110	63621
2111	63655
2112	63712
2113	63797
2114	63808
2115	63833
2116	63846
2117	63849
2118	63906
2119	63917
2120	63923
2121	63966
2122	63983
2123	63986
2124	64006
2125	64008
2126	64032
2127	64042
2128	64050
2129	64052
2130	64137
2131	64185
2132	64205
2133	64206
2134	64209
2135	64228
2136	64236
2137	64314
2138	64364
2139	64368
2140	64385
2141	64450
2142	64476
2143	64513
2144	64531
2145	64547
2146	64551
2147	64594
2148	64630
2149	64635
2150	64699
2151	64729
2152	64816
2153	64837
2154	64848
2155	64861
2156	64891
2157	64921
2158	64934
2159	64970
2160	64978
2161	65022
2162	65076
2163	65105
2164	65125
2165	65230
2166	65231
2167	65238
2168	65266
2169	65268
2170	65310
2171	65366
2172	65419
2173	65459
2174	65461
2175	65486
2176	65500
2177	65522
2178	65530
2179	65546
2180	65560
2181	65561
2182	65589
2183	65595
2184	65616
2185	65617
2186	65622
2187	65635
2188	65672
2189	65722
2190	65759
2191	65780
2192	65808
2193	65828
2194	65847
2195	65852
2196	65905
2197	65906
2198	65920
2199	65980
2200	66010
2201	66012
2202	66034
2203	66110
2204	66118
2205	66224
2206	66263
2207	66283
2208	66291
2209	66333
2210	66399
2211	66420
2212	66444
2213	66559
2214	66572
2215	66578
2216	66594
2217	66605
2218	66650
2219	66657
2220	66663
2221	66670
2222	66671
2223	66690
2224	66696
2225	66700
2226	66713
2227	66729
2228	66747
2229	66759
2230	66834
2231	66854
2232	66874
2233	66884
2234	67015
2235	67022
2236	67030
2237	67057
2238	67091
2239	67098
2240	67109
2241	67235
2242	67239
2243	67258
2244	67259
2245	67260
2246	67263
2247	67336
2248	67337
2249	67381
2250	67419
2251	67429
2252	67579
2253	67596
2254	67612
2255	67627
2256	67634
2257	67652
2258	67672
2259	67684
2260	67698
2261	67762
2262	67773
2263	67782
2264	67825
2265	67900
2266	67930
2267	67945
2268	68034
2269	68094
2270	68162
2271	68176
2272	68192
2273	68244
2274	68273
2275	68284
2276	68336
2277	68363
2278	68370
2279	68374
2280	68392
2281	68620
2282	68716
2283	68717
2284	68736
2285	68744
2286	68752
2287	68761
2288	68776
2289	68783
2290	68912
2291	68919
2292	68925
2293	68978
2294	68984
2295	69038
2296	69054
2297	69083
2298	69134
2299	69149
2300	69156
2301	69179
2302	69192
2303	69195
2304	69260
2305	69261
2306	69263
2307	69280
2308	69284
2309	69321
2310	69345
2311	69370
2312	69384
2313	69385
2314	69395
2315	69414
2316	69437
2317	69452
2318	69469
2319	69588
2320	69591
2321	69619
2322	69649
2323	69735
2324	69769
2325	69770
2326	69779
2327	69792
2328	69796
2329	69804
2330	69840
2331	69855
2332	69957
2333	69994
2334	69995
2335	70015
2336	70035
2337	70066
2338	70097
2339	70100
2340	70140
2341	70144
2342	70152
2343	70201
2344	70339
2345	70352
2346	70354
2347	70383
2348	70384
2349	70394
2350	70399
2351	70402
2352	70423
2353	70489
2354	70515
2355	70529
2356	70536
2357	70571
2358	70671
2359	70678
2360	70741
2361	70743
2362	70758
2363	70761
2364	70762
2365	70792
2366	70795
2367	70827
2368	70955
2369	71005
2370	71044
2371	71138
2372	71141
2373	71204
2374	71251
2375	71278
2376	71282
2377	71368
2378	71373
2379	71423
2380	71426
2381	71446
2382	71488
2383	71525
2384	71541
2385	71545
2386	71547
2387	71558
2388	71582
2389	71589
2390	71591
2391	71595
2392	71610
2393	71661
2394	71725
2395	71804
2396	71816
2397	71820
2398	71836
2399	71864
2400	71913
2401	71915
2402	71928
2403	71938
2404	71942
2405	71952
2406	71976
2407	71977
2408	72005
2409	72033
2410	72062
2411	72080
2412	72131
2413	72267
2414	72269
2415	72304
2416	72358
2417	72360
2418	72384
2419	72450
2420	72452
2421	72677
2422	72742
2423	72804
2424	72826
2425	72871
2426	72976
2427	72977
2428	73034
2429	73035
2430	73093
2431	73132
2432	73144
2433	73191
2434	73224
2435	73238
2436	73295
2437	73308
2438	73353
2439	73388
2440	73416
2441	73433
2442	73534
2443	73555
2444	73574
2445	73595
2446	73621
2447	73654
2448	73656
2449	73695
2450	73727
2451	73732
2452	73785
2453	73818
2454	73876
2455	73906
2456	73935
2457	73936
2458	73993
2459	74040
2460	74164
2461	74179
2462	74250
2463	74257
2464	74287
2465	74311
2466	74327
2467	74378
2468	74417
2469	74433
2470	74434
2471	74437
2472	74445
2473	74446
2474	74464
2475	74473
2476	74481
2477	74505
2478	74513
2479	74530
2480	74544
2481	74556
2482	74569
2483	74607
2484	74622
2485	74626
2486	74635
2487	74636
2488	74658
2489	74670
2490	74710
2491	74716
2492	74721
2493	74816
2494	74818
2495	74849
2496	74856
2497	74877
2498	74906
2499	74930
2500	75007
2501	75051
2502	75054
2503	75110
2504	75113
2505	75139
2506	75181
2507	75264
2508	75266
2509	75279
2510	75321
2511	75327
2512	75339
2513	75356
2514	75383
2515	75410
2516	75419
2517	75431
2518	75523
2519	75538
2520	75730
2521	75735
2522	75813
2523	75824
2524	75853
2525	75918
2526	75973
2527	75995
2528	76028
2529	76065
2530	76077
2531	76104
2532	76112
2533	76132
2534	76134
2535	76191
2536	76240
2537	76336
2538	76352
2539	76353
2540	76370
2541	76382
2542	76468
2543	76474
2544	76521
2545	76543
2546	76570
2547	76583
2548	76625
2549	76655
2550	76712
2551	76755
2552	76793
2553	76822
2554	76828
2555	76851
2556	76865
2557	76866
2558	76879
2559	76892
2560	76894
2561	76905
2562	76921
2563	76963
2564	76992
2565	77034
2566	77089
2567	77125
2568	77141
2569	77157
2570	77171
2571	77175
2572	77176
2573	77227
2574	77233
2575	77242
2576	77248
2577	77278
2578	77281
2579	77346
2580	77393
2581	77416
2582	77419
2583	77452
2584	77459
2585	77471
2586	77496
2587	77499
2588	77500
2589	77546
2590	77563
2591	77590
2592	77638
2593	77642
2594	77674
2595	77677
2596	77679
2597	77680
2598	77734
2599	77817
2600	77846
2601	77866
2602	77893
2603	77901
2604	77947
2605	78011
2606	78094
2607	78097
2608	78138
2609	78220
2610	78229
2611	78493
2612	78629
2613	78640
2614	78665
2615	78669
2616	78673
2617	78701
2618	78703
2619	78706
2620	78720
2621	78788
2622	78815
2623	78875
2624	78912
2625	78937
2626	78967
2627	78974
2628	79044
2629	79045
2630	79058
2631	79091
2632	79095
2633	79112
2634	79121
2635	79129
2636	79142
2637	79200
2638	79328
2639	79330
2640	79343
2641	79346
2642	79439
2643	79440
2644	79449
2645	79450
2646	79534
2647	79663
2648	79760
2649	79763
2650	79768
2651	79771
2652	79817
2653	79866
2654	79884
2655	79895
2656	79921
2657	79937
2658	79951
2659	79994
2660	79996
2661	80013
2662	80052
2663	80087
2664	80136
2665	80150
2666	80176
2667	80192
2668	80219
2669	80223
2670	80229
2671	80327
2672	80354
2673	80371
2674	80385
2675	80424
2676	80437
2677	80500
2678	80549
2679	80610
2680	80630
2681	80631
2682	80657
2683	80661
2684	80699
2685	80701
2686	80718
2687	80719
2688	80723
2689	80766
2690	80783
2691	80793
2692	80799
2693	80834
2694	80919
2695	80971
2696	80981
2697	80996
2698	81053
2699	81109
2700	81134
2701	81159
2702	81163
2703	81293
2704	81316
2705	81342
2706	81363
2707	81370
2708	81389
2709	81405
2710	81418
2711	81450
2712	81508
2713	81551
2714	81576
2715	81580
2716	81605
2717	81620
2718	81630
2719	81647
2720	81652
2721	81677
2722	81699
2723	81712
2724	81766
2725	81774
2726	81820
2727	81982
2728	82000
2729	82011
2730	82046
2731	82135
2732	82146
2733	82154
2734	82164
2735	82166
2736	82174
2737	82191
2738	82204
2739	82207
2740	82231
2741	82233
2742	82283
2743	82293
2744	82336
2745	82337
2746	82374
2747	82431
2748	82433
2749	82476
2750	82501
2751	82524
2752	82542
2753	82604
2754	82606
2755	82637
2756	82712
2757	82746
2758	82786
2759	82800
2760	82829
2761	82876
2762	82890
2763	82904
2764	82925
2765	82957
2766	82982
2767	82992
2768	83014
2769	83020
2770	83087
2771	83089
2772	83098
2773	83116
2774	83123
2775	83159
2776	83198
2777	83211
2778	83303
2779	83311
2780	83338
2781	83347
2782	83349
2783	83375
2784	83383
2785	83436
2786	83444
2787	83472
2788	83483
2789	83521
2790	83535
2791	83594
2792	83610
2793	83620
2794	83644
2795	83654
2796	83661
2797	83741
2798	83754
2799	83823
2800	83847
2801	83994
2802	84081
2803	84155
2804	84168
2805	84252
2806	84274
2807	84291
2808	84297
2809	84331
2810	84357
2811	84368
2812	84398
2813	84404
2814	84458
2815	84516
2816	84525
2817	84544
2818	84558
2819	84619
2820	84643
2821	84668
2822	84672
2823	84677
2824	84690
2825	84737
2826	84744
2827	84857
2828	84917
2829	84927
2830	84960
2831	84990
2832	85013
2833	85022
2834	85082
2835	85160
2836	85164
2837	85201
2838	85213
2839	85287
2840	85331
2841	85460
2842	85514
2843	85533
2844	85673
2845	85697
2846	85805
2847	85824
2848	85829
2849	85844
2850	85921
2851	85934
2852	85949
2853	85960
2854	85983
2855	86008
2856	86077
2857	86094
2858	86099
2859	86138
2860	86162
2861	86257
2862	86268
2863	86295
2864	86300
2865	86332
2866	86366
2867	86386
2868	86392
2869	86404
2870	86442
2871	86481
2872	86554
2873	86558
2874	86597
2875	86601
2876	86612
2877	86620
2878	86622
2879	86642
2880	86659
2881	86674
2882	86686
2883	86688
2884	86722
2885	86800
2886	86816
2887	86873
2888	86894
2889	86928
2890	87104
2891	87110
2892	87129
2893	87159
2894	87192
2895	87203
2896	87222
2897	87231
2898	87271
2899	87350
2900	87356
2901	87405
2902	87413
2903	87418
2904	87427
2905	87432
2906	87435
2907	87444
2908	87462
2909	87600
2910	87613
2911	87637
2912	87675
2913	87734
2914	87742
2915	87778
2916	87817
2917	87821
2918	87866
2919	87893
2920	87896
2921	87907
2922	87910
2923	87926
2924	87961
2925	87963
2926	87967
2927	88005
2928	88012
2929	88037
2930	88041
2931	88043
2932	88055
2933	88075
2934	88089
2935	88101
2936	88173
2937	88200
2938	88220
2939	88227
2940	88303
2941	88432
2942	88448
2943	88522
2944	88566
2945	88606
2946	88850
2947	88860
2948	88863
2949	88872
2950	88873
2951	88884
2952	88966
2953	89040
2954	89045
2955	89097
2956	89107
2957	89169
2958	89171
2959	89178
2960	89196
2961	89219
2962	89229
2963	89256
2964	89325
2965	89370
2966	89381
2967	89413
2968	89504
2969	89556
2970	89576
2971	89591
2972	89640
2973	89654
2974	89670
2975	89749
2976	89768
2977	89772
2978	89775
2979	89805
2980	89838
2981	89878
2982	89885
2983	89963
2984	90024
2985	90038
2986	90049
2987	90080
2988	90099
2989	90102
2990	90127
2991	90130
2992	90149
2993	90194
2994	90241
2995	90279
2996	90282
2997	90302
2998	90323
2999	90331
3000	90348
