1	3
2	50
3	67
4	106
5	146
6	209
7	240
8	281
9	346
10	383
11	411
12	462
13	484
14	489
15	530
16	533
17	559
18	606
19	613
20	614
21	628
22	643
23	658
24	673
25	694
26	703
27	730
28	732
29	740
30	777
31	842
32	847
33	899
34	982
35	989
36	990
37	997
38	1037
39	1045
40	1073
41	1080
42	1092
43	1125
44	1126
45	1135
46	1151
47	1178
48	1261
49	1361
50	1386
51	1423
52	1435
53	1456
54	1573
55	1644
56	1693
57	1706
58	1806
59	1902
60	1927
61	1931
62	1953
63	2046
64	2058
65	2079
66	2090
67	2095
68	2106
69	2137
70	2203
71	2222
72	2239
73	2288
74	2300
75	2424
76	2444
77	2458
78	2466
79	2481
80	2484
81	2535
82	2557
83	2641
84	2711
85	2715
86	2740
87	2763
88	2788
89	2806
90	2819
91	2820
92	2860
93	2872
94	2933
95	2934
96	2943
97	2985
98	3000
99	3084
100	3090
101	3118
102	3126
103	3138
104	3142
105	3145
106	3148
107	3263
108	3317
109	3347
110	3406
111	3498
112	3512
113	3516
114	3522
115	3537
116	3556
117	3560
118	3579
119	3594
120	3599
121	3610
122	3666
123	3726
124	3848
125	3853
126	3903
127	3904
128	3950
129	3996
130	4052
131	4080
132	4089
133	4150
134	4200
135	4212
136	4244
137	4262
138	4274
139	4277
140	4318
141	4404
142	4500
143	4524
144	4576
145	4620
146	4638
147	4655
148	4657
149	4692
150	4705
151	4786
152	4794
153	4873
154	4922
155	4943
156	4974
157	4990
158	4992
159	5008
160	5014
161	5021
162	5077
163	5121
164	5123
165	5137
166	5178
167	5194
168	5197
169	5204
170	5342
171	5406
172	5427
173	5448
174	5449
175	5466
176	5474
177	5481
178	5596
179	5648
180	5687
181	5784
182	5795
183	5833
184	5874
185	5889
186	5897
187	5908
188	5913
189	5927
190	5933
191	5991
192	6036
193	6123
194	6125
195	6179
196	6190
197	6224
198	6233
199	6285
200	6305
201	6388
202	6458
203	6495
204	6510
205	6511
206	6527
207	6534
208	6555
209	6556
210	6576
211	6583
212	6588
213	6606
214	6627
215	6698
216	6743
217	6747
218	6831
219	6857
220	6903
221	6905
222	6915
223	7016
224	7071
225	7189
226	7275
227	7310
228	7330
229	7422
230	7462
231	7519
232	7520
233	7561
234	7646
235	7662
236	7674
237	7700
238	7735
239	7764
240	7784
241	7828
242	7936
243	7953
244	8068
245	8087
246	8096
247	8108
248	8129
249	8214
250	8229
251	8260
252	8295
253	8347
254	8376
255	8467
256	8470
257	8475
258	8484
259	8521
260	8546
261	8563
262	8566
263	8620
264	8628
265	8643
266	8651
267	8652
268	8757
269	8902
270	8962
271	9000
272	9032
273	9036
274	9128
275	9156
276	9159
277	9179
278	9221
279	9224
280	9236
281	9248
282	9262
283	9263
284	9349
285	9360
286	9369
287	9401
288	9406
289	9465
290	9522
291	9529
292	9553
293	9597
294	9637
295	9647
296	9726
297	9729
298	9740
299	9768
300	9785
301	9794
302	9797
303	9798
304	9824
305	9848
306	9855
307	9857
308	9867
309	10084
310	10155
311	10168
312	10179
313	10187
314	10192
315	10208
316	10238
317	10252
318	10274
319	10302
320	10356
321	10371
322	10376
323	10412
324	10463
325	10565
326	10613
327	10690
328	10710
329	10774
330	10783
331	10835
332	10959
333	10963
334	10972
335	11009
336	11019
337	11024
338	11047
339	11118
340	11127
341	11177
342	11180
343	11189
344	11219
345	11276
346	11280
347	11290
348	11307
349	11312
350	11337
351	11370
352	11388
353	11425
354	11443
355	11451
356	11468
357	11481
358	11549
359	11556
360	11558
361	11614
362	11616
363	11626
364	11627
365	11728
366	11735
367	11812
368	11914
369	11939
370	11946
371	11965
372	11976
373	11980
374	12046
375	12065
376	12070
377	12115
378	12131
379	12182
380	12220
381	12229
382	12236
383	12248
384	12252
385	12256
386	12262
387	12269
388	12307
389	12355
390	12364
391	12375
392	12381
393	12386
394	12391
395	12395
396	12415
397	12497
398	12517
399	12526
400	12630
401	12723
402	12786
403	12844
404	12846
405	12865
406	12920
407	12944
408	12969
409	12991
410	13046
411	13048
412	13051
413	13053
414	13068
415	13089
416	13117
417	13152
418	13182
419	13189
420	13234
421	13271
422	13301
423	13306
424	13323
425	13329
426	13332
427	13345
428	13380
429	13432
430	13442
431	13455
432	13470
433	13490
434	13530
435	13545
436	13582
437	13610
438	13630
439	13658
440	13665
441	13669
442	13675
443	13690
444	13755
445	13816
446	13841
447	13883
448	13900
449	13942
450	13951
451	14013
452	14034
453	14050
454	14176
455	14199
456	14202
457	14226
458	14415
459	14527
460	14546
461	14585
462	14587
463	14609
464	14615
465	14632
466	14674
467	14722
468	14753
469	14761
470	14805
471	14843
472	14869
473	14874
474	14882
475	14884
476	14885
477	14910
478	14940
479	15018
480	15020
481	15051
482	15065
483	15116
484	15168
485	15208
486	15218
487	15304
488	15371
489	15398
490	15421
491	15426
492	15444
493	15446
494	15478
495	15512
496	15513
497	15517
498	15577
499	15593
500	15602
501	15607
502	15639
503	15765
504	15823
505	15841
506	15844
507	15866
508	15916
509	15959
510	15983
511	16010
512	16049
513	16109
514	16130
515	16177
516	16214
517	16242
518	16282
519	16399
520	16441
521	16458
522	16473
523	16502
524	16506
525	16513
526	16535
527	16542
528	16556
529	16592
530	16602
531	16621
532	16646
533	16662
534	16713
535	16741
536	16761
537	16860
538	16885
539	16962
540	16987
541	17077
542	17078
543	17160
544	17171
545	17181
546	17213
547	17238
548	17244
549	17292
550	17355
551	17363
552	17401
553	17416
554	17423
555	17455
556	17480
557	17580
558	17610
559	17614
560	17640
561	17697
562	17734
563	17753
564	17754
565	17769
566	17798
567	17863
568	17872
569	17927
570	17965
571	18015
572	18125
573	18155
574	18165
575	18178
576	18222
577	18225
578	18241
579	18255
580	18281
581	18326
582	18329
583	18342
584	18373
585	18415
586	18532
587	18553
588	18575
589	18598
590	18645
591	18689
592	18719
593	18721
594	18760
595	18762
596	18768
597	18829
598	18837
599	18846
600	18897
601	18949
602	18963
603	18996
604	19090
605	19159
606	19301
607	19319
608	19326
609	19353
610	19381
611	19385
612	19437
613	19531
614	19535
615	19589
616	19632
617	19701
618	19713
619	19714
620	19719
621	19751
622	19767
623	19770
624	19807
625	19808
626	19871
627	19873
628	19959
629	20038
630	20079
631	20095
632	20120
633	20156
634	20182
635	20192
636	20254
637	20301
638	20303
639	20361
640	20366
641	20428
642	20468
643	20592
644	20658
645	20660
646	20698
647	20701
648	20708
649	20789
650	20796
651	20810
652	20812
653	20843
654	20864
655	20885
656	20905
657	20906
658	20974
659	20988
660	21051
661	21076
662	21102
663	21121
664	21127
665	21130
666	21197
667	21282
668	21337
669	21398
670	21400
671	21407
672	21412
673	21424
674	21431
675	21474
676	21481
677	21488
678	21530
679	21536
680	21567
681	21652
682	21653
683	21654
684	21660
685	21670
686	21681
687	21752
688	21753
689	21774
690	21778
691	21831
692	21909
693	21956
694	21958
695	21971
696	21972
697	21973
698	22007
699	22008
700	22039
701	22118
702	22123
703	22173
704	22211
705	22281
706	22312
707	22346
708	22353
709	22369
710	22370
711	22408
712	22413
713	22491
714	22519
715	22520
716	22529
717	22552
718	22609
719	22630
720	22652
721	22730
722	22736
723	22752
724	22759
725	22774
726	22783
727	22853
728	22878
729	22980
730	23000
731	23010
732	23014
733	23056
734	23072
735	23209
736	23210
737	23214
738	23303
739	23311
740	23331
741	23348
742	23373
743	23414
744	23419
745	23476
746	23499
747	23519
748	23553
749	23555
750	23558
751	23570
752	23663
753	23668
754	23680
755	23681
756	23751
757	23755
758	23782
759	23812
760	23834
761	23846
762	23853
763	23866
764	23934
765	23935
766	23949
767	23950
768	23970
769	24001
770	24036
771	24066
772	24080
773	24087
774	24094
775	24108
776	24110
777	24160
778	24163
779	24165
780	24182
781	24234
782	24248
783	24318
784	24473
785	24489
786	24531
787	24532
788	24535
789	24552
790	24567
791	24593
792	24618
793	24624
794	24647
795	24667
796	24745
797	24750
798	24766
799	24775
800	24790
801	24836
802	24860
803	24877
804	24889
805	24914
806	24927
807	24979
808	25037
809	25058
810	25062
811	25145
812	25170
813	25176
814	25219
815	25244
816	25283
817	25322
818	25326
819	25334
820	25372
821	25467
822	25491
823	25518
824	25542
825	25543
826	25559
827	25564
828	25570
829	25650
830	25759
831	25877
832	25896
833	25972
834	25996
835	26029
836	26078
837	26082
838	26086
839	26103
840	26115
841	26177
842	26201
843	26244
844	26268
845	26338
846	26372
847	26430
848	26432
849	26532
850	26583
851	26587
852	26617
853	26654
854	26669
855	26698
856	26723
857	26729
858	26742
859	26793
860	26796
861	26798
862	26859
863	26885
864	26886
865	26915
866	26924
867	26953
868	26976
869	26987
870	27035
871	27122
872	27125
873	27164
874	27182
875	27238
876	27287
877	27290
878	27337
879	27342
880	27378
881	27422
882	27445
883	27449
884	27477
885	27482
886	27507
887	27557
888	27702
889	27727
890	27760
891	27794
892	27831
893	27868
894	27877
895	27890
896	27894
897	27900
898	27915
899	27934
900	27948
901	27958
902	27999
903	28015
904	28031
905	28096
906	28102
907	28138
908	28171
909	28172
910	28218
911	28225
912	28228
913	28265
914	28351
915	28384
916	28397
917	28422
918	28423
919	28447
920	28451
921	28456
922	28457
923	28475
924	28484
925	28541
926	28568
927	28577
928	28595
929	28603
930	28608
931	28610
932	28715
933	28717
934	28718
935	28762
936	28854
937	28872
938	28897
939	29057
940	29063
941	29088
942	29095
943	29102
944	29109
945	29118
946	29126
947	29186
948	29222
949	29239
950	29246
951	29291
952	29315
953	29372
954	29378
955	29418
956	29481
957	29516
958	29549
959	29590
960	29601
961	29606
962	29629
963	29634
964	29672
965	29744
966	29753
967	29779
968	29809
969	29816
970	29820
971	29874
972	29893
973	29939
974	29951
975	29987
976	29989
977	30026
978	30054
979	30109
980	30118
981	30140
982	30153
983	30157
984	30219
985	30230
986	30231
987	30254
988	30255
989	30256
990	30290
991	30331
992	30334
993	30342
994	30403
995	30445
996	30466
997	30496
998	30499
999	30500
1000	30523
1001	30558
1002	30560
1003	30615
1004	30681
1005	30715
1006	30724
1007	30733
1008	30779
1009	30795
1010	30851
1011	30886
1012	30894
1013	30897
1014	30932
1015	30933
1016	30986
1017	31075
1018	31090
1019	31146
1020	31181
1021	31206
1022	31271
1023	31275
1024	31277
1025	31293
1026	31302
1027	31319
1028	31350
1029	31362
1030	31395
1031	31408
1032	31435
1033	31436
1034	31476
1035	31511
1036	31524
1037	31581
1038	31600
1039	31656
1040	31749
1041	31811
1042	31828
1043	31856
1044	31899
1045	31917
1046	31923
1047	31959
1048	31983
1049	31992
1050	32004
1051	32016
1052	32021
1053	32069
1054	32103
1055	32157
1056	32182
1057	32225
1058	32238
1059	32315
1060	32350
1061	32408
1062	32419
1063	32431
1064	32446
1065	32467
1066	32489
1067	32563
1068	32615
1069	32619
1070	32633
1071	32634
1072	32655
1073	32683
1074	32710
1075	32731
1076	32750
1077	32765
1078	32773
1079	32798
1080	32809
1081	32836
1082	32880
1083	32904
1084	32914
1085	32924
1086	33005
1087	33055
1088	33112
1089	33132
1090	33210
1091	33222
1092	33280
1093	33289
1094	33303
1095	33335
1096	33348
1097	33357
1098	33374
1099	33417
1100	33427
1101	33508
1102	33511
1103	33555
1104	33618
1105	33629
1106	33630
1107	33710
1108	33715
1109	33814
1110	33826
1111	33881
1112	33887
1113	33891
1114	33965
1115	34017
1116	34047
1117	34081
1118	34088
1119	34096
1120	34122
1121	34168
1122	34185
1123	34187
1124	34196
1125	34359
1126	34368
1127	34372
1128	34376
1129	34392
1130	34456
1131	34489
1132	34519
1133	34567
1134	34575
1135	34590
1136	34596
1137	34631
1138	34640
1139	34642
1140	34673
1141	34685
1142	34692
1143	34698
1144	34707
1145	34719
1146	34794
1147	34796
1148	34825
1149	34885
1150	34890
1151	34898
1152	34920
1153	34979
1154	34998
1155	35008
1156	35018
1157	35033
1158	35050
1159	35070
1160	35072
1161	35076
1162	35192
1163	35197
1164	35212
1165	35245
1166	35258
1167	35286
1168	35339
1169	35372
1170	35381
1171	35396
1172	35414
1173	35478
1174	35522
1175	35571
1176	35602
1177	35626
1178	35639
1179	35684
1180	35713
1181	35744
1182	35771
1183	35774
1184	35795
1185	35805
1186	35831
1187	35863
1188	35902
1189	35910
1190	35957
1191	35971
1192	35988
1193	35989
1194	36040
1195	36134
1196	36135
1197	36152
1198	36179
1199	36180
1200	36192
1201	36225
1202	36226
1203	36339
1204	36413
1205	36436
1206	36488
1207	36517
1208	36518
1209	36566
1210	36596
1211	36612
1212	36619
1213	36654
1214	36767
1215	36778
1216	36787
1217	36798
1218	36848
1219	36953
1220	36968
1221	36997
1222	37020
1223	37144
1224	37189
1225	37217
1226	37219
1227	37223
1228	37232
1229	37253
1230	37257
1231	37272
1232	37285
1233	37311
1234	37318
1235	37329
1236	37335
1237	37358
1238	37408
1239	37428
1240	37439
1241	37526
1242	37527
1243	37555
1244	37632
1245	37633
1246	37640
1247	37664
1248	37670
1249	37678
1250	37692
1251	37705
1252	37710
1253	37762
1254	37907
1255	37912
1256	37927
1257	37959
1258	37987
1259	37998
1260	38039
1261	38052
1262	38066
1263	38067
1264	38096
1265	38120
1266	38168
1267	38191
1268	38237
1269	38292
1270	38313
1271	38378
1272	38397
1273	38411
1274	38414
1275	38426
1276	38433
1277	38446
1278	38447
1279	38453
1280	38461
1281	38496
1282	38579
1283	38586
1284	38588
1285	38614
1286	38617
1287	38621
1288	38624
1289	38639
1290	38641
1291	38673
1292	38697
1293	38710
1294	38730
1295	38736
1296	38748
1297	38837
1298	38840
1299	38867
1300	38909
1301	38923
1302	38933
1303	38951
1304	39006
1305	39047
1306	39069
1307	39110
1308	39115
1309	39315
1310	39333
1311	39335
1312	39352
1313	39360
1314	39394
1315	39438
1316	39456
1317	39469
1318	39522
1319	39529
1320	39546
1321	39548
1322	39556
1323	39561
1324	39600
1325	39665
1326	39672
1327	39720
1328	39725
1329	39767
1330	39880
1331	39882
1332	39884
1333	39886
1334	39909
1335	39933
1336	39942
1337	39961
1338	39969
1339	39997
1340	39998
1341	40026
1342	40044
1343	40068
1344	40075
1345	40088
1346	40096
1347	40112
1348	40177
1349	40186
1350	40275
1351	40316
1352	40331
1353	40351
1354	40359
1355	40360
1356	40392
1357	40397
1358	40460
1359	40527
1360	40580
1361	40582
1362	40647
1363	40658
1364	40671
1365	40682
1366	40685
1367	40695
1368	40703
1369	40725
1370	40754
1371	40776
1372	40790
1373	40803
1374	40810
1375	40839
1376	40850
1377	40856
1378	40910
1379	41006
1380	41023
1381	41073
1382	41082
1383	41083
1384	41087
1385	41104
1386	41117
1387	41147
1388	41169
1389	41217
1390	41251
1391	41303
1392	41415
1393	41438
1394	41445
1395	41491
1396	41544
1397	41545
1398	41549
1399	41558
1400	41652
1401	41669
1402	41674
1403	41688
1404	41692
1405	41718
1406	41722
1407	41736
1408	41742
1409	41797
1410	41827
1411	41877
1412	41912
1413	41924
1414	42078
1415	42137
1416	42146
1417	42149
1418	42179
1419	42184
1420	42258
1421	42263
1422	42322
1423	42336
1424	42339
1425	42345
1426	42459
1427	42507
1428	42541
1429	42582
1430	42601
1431	42607
1432	42644
1433	42666
1434	42757
1435	42837
1436	42849
1437	42903
1438	42961
1439	42980
1440	42992
1441	43004
1442	43039
1443	43047
1444	43050
1445	43081
1446	43148
1447	43166
1448	43299
1449	43306
1450	43310
1451	43321
1452	43330
1453	43361
1454	43400
1455	43447
1456	43464
1457	43596
1458	43602
1459	43616
1460	43636
1461	43678
1462	43707
1463	43714
1464	43718
1465	43722
1466	43807
1467	43819
1468	43867
1469	43889
1470	43909
1471	43911
1472	43933
1473	43954
1474	43955
1475	43963
1476	43982
1477	44003
1478	44019
1479	44022
1480	44028
1481	44038
1482	44045
1483	44087
1484	44283
1485	44303
1486	44432
1487	44436
1488	44437
1489	44442
1490	44523
1491	44586
1492	44663
1493	44685
1494	44707
1495	44778
1496	44796
1497	44820
1498	44886
1499	44888
1500	44903
1501	44919
1502	44982
1503	45012
1504	45019
1505	45040
1506	45050
1507	45051
1508	45065
1509	45075
1510	45151
1511	45166
1512	45230
1513	45246
1514	45254
1515	45258
1516	45303
1517	45315
1518	45376
1519	45380
1520	45383
1521	45395
1522	45421
1523	45436
1524	45463
1525	45496
1526	45554
1527	45597
1528	45733
1529	45784
1530	45806
1531	45834
1532	45843
1533	45859
1534	45889
1535	45899
1536	45903
1537	45927
1538	45931
1539	45933
1540	45955
1541	45966
1542	46008
1543	46036
1544	46063
1545	46097
1546	46245
1547	46272
1548	46274
1549	46277
1550	46382
1551	46408
1552	46444
1553	46501
1554	46620
1555	46674
1556	46722
1557	46733
1558	46753
1559	46763
1560	46766
1561	46768
1562	46777
1563	46822
1564	46836
1565	46855
1566	46859
1567	46870
1568	46923
1569	46956
1570	47014
1571	47048
1572	47072
1573	47140
1574	47160
1575	47168
1576	47320
1577	47343
1578	47362
1579	47364
1580	47409
1581	47411
1582	47431
1583	47502
1584	47504
1585	47506
1586	47511
1587	47518
1588	47540
1589	47545
1590	47645
1591	47658
1592	47666
1593	47673
1594	47693
1595	47738
1596	47766
1597	47881
1598	47944
1599	47976
1600	48004
1601	48016
1602	48029
1603	48070
1604	48120
1605	48146
1606	48180
1607	48212
1608	48248
1609	48289
1610	48323
1611	48341
1612	48388
1613	48417
1614	48459
1615	48476
1616	48497
1617	48520
1618	48549
1619	48704
1620	48722
1621	48762
1622	48865
1623	48914
1624	48969
1625	48985
1626	49027
1627	49062
1628	49070
1629	49083
1630	49099
1631	49178
1632	49179
1633	49305
1634	49338
1635	49387
1636	49412
1637	49432
1638	49438
1639	49497
1640	49502
1641	49549
1642	49606
1643	49634
1644	49656
1645	49662
1646	49676
1647	49683
1648	49693
1649	49695
1650	49716
1651	49729
1652	49731
1653	49751
1654	49808
1655	49851
1656	49871
1657	50094
1658	50105
1659	50134
1660	50140
1661	50155
1662	50165
1663	50177
1664	50212
1665	50253
1666	50261
1667	50295
1668	50301
1669	50308
1670	50334
1671	50355
1672	50361
1673	50364
1674	50392
1675	50400
1676	50427
1677	50459
1678	50489
1679	50503
1680	50506
1681	50521
1682	50582
1683	50596
1684	50603
1685	50648
1686	50686
1687	50722
1688	50730
1689	50757
1690	50827
1691	50860
1692	50861
1693	50877
1694	50902
1695	50919
1696	50948
1697	50977
1698	51000
1699	51002
1700	51040
1701	51052
1702	51059
1703	51060
1704	51065
1705	51242
1706	51336
1707	51358
1708	51388
1709	51419
1710	51455
1711	51502
1712	51578
1713	51621
1714	51642
1715	51661
1716	51695
1717	51699
1718	51760
1719	51805
1720	51822
1721	51835
1722	51867
1723	51901
1724	51902
1725	51966
1726	52103
1727	52163
1728	52231
1729	52266
1730	52317
1731	52401
1732	52422
1733	52495
1734	52542
1735	52596
1736	52606
1737	52611
1738	52625
1739	52652
1740	52674
1741	52777
1742	52861
1743	52905
1744	52922
1745	53086
1746	53102
1747	53146
1748	53164
1749	53166
1750	53172
1751	53173
1752	53229
1753	53233
1754	53281
1755	53302
1756	53305
1757	53311
1758	53329
1759	53349
1760	53363
1761	53462
1762	53478
1763	53497
1764	53530
1765	53621
1766	53664
1767	53701
1768	53715
1769	53767
1770	53774
1771	53775
1772	53819
1773	53826
1774	53840
1775	53867
1776	53869
1777	53954
1778	53959
1779	53973
1780	53998
1781	54038
1782	54048
1783	54076
1784	54127
1785	54244
1786	54262
1787	54266
1788	54357
1789	54358
1790	54446
1791	54478
1792	54493
1793	54506
1794	54526
1795	54528
1796	54532
1797	54581
1798	54595
1799	54631
1800	54666
1801	54705
1802	54720
1803	54726
1804	54738
1805	54779
1806	54871
1807	54944
1808	54979
1809	54998
1810	55059
1811	55071
1812	55088
1813	55108
1814	55113
1815	55119
1816	55159
1817	55196
1818	55208
1819	55275
1820	55287
1821	55297
1822	55323
1823	55336
1824	55519
1825	55527
1826	55543
1827	55587
1828	55607
1829	55629
1830	55647
1831	55653
1832	55669
1833	55726
1834	55751
1835	55825
1836	55861
1837	55864
1838	55901
1839	55920
1840	55979
1841	55985
1842	55986
1843	55990
1844	56015
1845	56071
1846	56092
1847	56106
1848	56137
1849	56144
1850	56150
1851	56201
1852	56208
1853	56209
1854	56223
1855	56249
1856	56278
1857	56283
1858	56460
1859	56513
1860	56522
1861	56561
1862	56564
1863	56663
1864	56736
1865	56749
1866	56806
1867	56822
1868	56854
1869	56870
1870	56896
1871	56910
1872	56915
1873	56927
1874	56932
1875	56936
1876	56954
1877	57017
1878	57028
1879	57029
1880	57034
1881	57038
1882	57039
1883	57053
1884	57085
1885	57138
1886	57141
1887	57159
1888	57163
1889	57224
1890	57234
1891	57308
1892	57348
1893	57366
1894	57369
1895	57373
1896	57419
1897	57428
1898	57446
1899	57480
1900	57509
1901	57524
1902	57563
1903	57572
1904	57618
1905	57631
1906	57639
1907	57647
1908	57666
1909	57734
1910	57745
1911	57828
1912	57838
1913	57864
1914	57891
1915	57897
1916	57940
1917	57947
1918	57948
1919	57952
1920	57955
1921	57972
1922	57975
1923	57998
1924	58006
1925	58023
1926	58050
1927	58076
1928	58105
1929	58111
1930	58126
1931	58133
1932	58154
1933	58159
1934	58182
1935	58211
1936	58256
1937	58275
1938	58356
1939	58383
1940	58390
1941	58419
1942	58437
1943	58447
1944	58457
1945	58481
1946	58550
1947	58641
1948	58879
1949	58883
1950	58884
1951	58899
1952	58945
1953	58947
1954	58981
1955	59016
1956	59045
1957	59054
1958	59086
1959	59136
1960	59152
1961	59201
1962	59213
1963	59217
1964	59220
1965	59249
1966	59259
1967	59305
1968	59337
1969	59395
1970	59455
1971	59498
1972	59506
1973	59517
1974	59527
1975	59557
1976	59590
1977	59600
1978	59603
1979	59621
1980	59656
1981	59668
1982	59671
1983	59697
1984	59808
1985	59907
1986	59924
1987	59929
1988	59958
1989	59964
1990	59981
1991	59991
1992	60009
1993	60151
1994	60185
1995	60255
1996	60259
1997	60278
1998	60307
1999	60379
2000	60436
2001	60450
2002	60519
2003	60541
2004	60584
2005	60642
2006	60651
2007	60686
2008	60709
2009	60713
2010	60781
2011	60806
2012	60828
2013	60865
2014	60960
2015	60998
2016	61014
2017	61028
2018	61124
2019	61164
2020	61177
2021	61229
2022	61263
2023	61309
2024	61353
2025	61385
2026	61429
2027	61522
2028	61543
2029	61547
2030	61628
2031	61651
2032	61672
2033	61681
2034	61696
2035	61707
2036	61712
2037	61716
2038	61740
2039	61761
2040	61767
2041	61769
2042	61800
2043	61903
2044	61911
2045	61929
2046	61995
2047	62006
2048	62017
2049	62023
2050	62038
2051	62049
2052	62057
2053	62063
2054	62083
2055	62089
2056	62122
2057	62146
2058	62147
2059	62163
2060	62198
2061	62208
2062	62217
2063	62229
2064	62244
2065	62245
2066	62246
2067	62259
2068	62260
2069	62288
2070	62305
2071	62327
2072	62338
2073	62339
2074	62363
2075	62381
2076	62384
2077	62525
2078	62542
2079	62568
2080	62578
2081	62586
2082	62637
2083	62661
2084	62664
2085	62724
2086	62733
2087	62748
2088	62760
2089	62772
2090	62779
2091	62791
2092	62820
2093	62834
2094	62854
2095	62896
2096	62937
2097	62950
2098	62969
2099	63027
2100	63156
2101	63204
2102	63231
2103	63297
2104	63299
2105	63335
2106	63352
2107	63430
2108	63431
2109	63441
2110	63449
2111	63454
2112	63505
2113	63532
2114	63569
2115	63597
2116	63682
2117	63739
